,A,B,C,D
2000-01-01,0.910550227690426,-1.4156500463189567,1.2392249899768022,-0.08849726460411828
2000-01-02,1.4648129195220387,-0.02015837764372308,2.015348839780162,0.6428401395801644
2000-01-03,1.6312123281629904,-0.865270975811619,0.2593863007010426,0.34116560143165814
2000-01-04,3.0104389177321904,-0.05294448844596178,0.3428396534203534,-0.24293113510511138
2000-01-05,3.981362959974954,-0.01631673025482351,-1.2640228606187094,-1.221811430647512
2000-01-06,3.6488889190216853,0.7170672352680281,-1.8016656700311535,-1.1949156483272738
2000-01-07,3.242144093489369,1.8806791185639773,-1.1396544782828304,-3.337618708599422
2000-01-08,2.5836331448931307,0.38364548957995726,-2.2376309025607313,-2.7205734259821814
2000-01-09,0.8038180809445206,1.3163923547808176,-2.4600898489037797,-2.669616543093966
2000-01-10,1.911314819670231,-0.7854247145992677,-2.265701342039509,-2.722607980072212
2000-01-11,1.9106532041203956,-1.030372025908628,-2.576412451670609,-2.997357332947586
2000-01-12,2.189451710714695,-0.4937685729872857,-3.158322630943655,-3.8839302491269008
2000-01-13,1.984578387737398,-0.2615150423368291,-2.218535050480658,-3.699466448227566
2000-01-14,1.566963843102348,-2.833881509842805,-1.7806279531725226,-4.742508338866816
2000-01-15,1.945979478631163,-2.2560944648542876,-4.070492121377706,-3.8029136804197785
2000-01-16,3.0075733570441088,-2.4810156786300483,-3.927980649225761,-3.4067980735982664
2000-01-17,3.464284788312053,-3.4497963703012884,-3.396071490828109,-2.9368580488373803
2000-01-18,5.310450545051049,-4.412312796004878,-4.067776994341145,-2.9883212709051765
2000-01-19,3.8419374161885225,-3.7114701269854353,-4.652892195618922,-3.597673188413081
2000-01-20,3.3165196027261756,-4.3573434092017855,-4.7350494073782805,-3.3510433332115572
2000-01-21,2.7516237555432084,-5.084400055622145,-5.556448021104118,-2.5171390028098237
2000-01-22,1.9203722823616214,-6.789305640362473,-3.8337131408020833,-3.0268116950946387
2000-01-23,2.0929352074882215,-7.050862679589544,-3.88122708327883,-3.040819354220684
2000-01-24,0.6943762562764146,-9.53261076771719,-4.546566067032363,-1.4294730658769028
2000-01-25,-0.004569783171201713,-10.067082831658382,-4.36984942449053,-2.3693588007503017
2000-01-26,0.09195197957057621,-9.579412599738484,-5.30374365430311,-2.0133268541872145
2000-01-27,-0.7340669151403839,-9.688566656868792,-6.924233987204196,-3.122751989081036
2000-01-28,-0.7559346938446503,-11.09608500214223,-7.345633011319246,-2.2617877958990276
2000-01-29,-1.453965448304483,-9.682159975122357,-8.246858988533402,-1.8653553287640787
2000-01-30,-0.7486801336012545,-10.989314853049487,-8.908286481298717,-1.3460992615344076
2000-01-31,-0.5548342486078593,-10.035023340903724,-7.373367000401849,-0.9085718798678949
2000-02-01,1.0790041892287556,-10.171167372157104,-9.34066589697631,-2.8831954293458963
2000-02-02,0.9478113021946801,-10.158512379508943,-9.770945064423872,-1.3303611954619323
2000-02-03,0.9293334198346457,-11.043367152097014,-9.649144992925617,-1.0052278855315189
2000-02-04,1.2886711582047345,-11.772479936367318,-10.05960211778308,-2.214557357593603
2000-02-05,2.770797621201561,-12.403196506469346,-10.413121236742569,-1.4164529879553096
2000-02-06,1.0837208867155976,-13.575177264622011,-10.708459130735648,-0.31908102094660906
2000-02-07,2.157104758650763,-14.960833478936358,-11.423892007131666,0.943906416663739
2000-02-08,1.501720261759063,-15.915924421454559,-10.891737829121691,1.1693036169971731
2000-02-09,0.10310561950618125,-14.039525529184012,-10.42660006097152,1.763408066602754
2000-02-10,0.8629016790517753,-14.497389726286785,-9.799153240010154,0.5030809604972446
2000-02-11,0.733657448633807,-15.249205430060531,-10.37325327328498,0.1466637269349162
2000-02-12,-0.13790354935270932,-14.833713968905382,-10.361833122377064,-0.10909737484480725
2000-02-13,-1.0317524473773179,-14.772466015498143,-9.86173551595507,-0.09925636886112421
2000-02-14,-1.9578216538425837,-15.825393049419956,-9.676297620360945,0.41447460235403066
2000-02-15,-2.2155821003037013,-15.768670792227503,-9.524287629311862,0.5920123501570406
2000-02-16,-3.953910143866434,-16.423574757780813,-9.712593889211163,0.683626171522377
2000-02-17,-4.258233467751216,-17.344137428323815,-11.66155109449003,0.954090990594103
2000-02-18,-4.229680463470257,-17.778424655678954,-10.311764408285464,0.42497055992266497
2000-02-19,-4.221300959852474,-18.33877382423813,-9.751455172851674,0.7721340507864164
2000-02-20,-3.578205171178068,-18.230092318962544,-7.139636072215745,0.41409435540355277
2000-02-21,-2.022834500358435,-19.495998658595827,-6.951239492381457,-0.6665269965377782
2000-02-22,-1.7266109323809453,-19.14233452978744,-7.543483795350924,-1.4724036934021023
2000-02-23,-1.0288352519572206,-19.140270440795764,-8.05347149799997,-0.696830530045842
2000-02-24,-0.35179603653870595,-18.653230113684057,-8.01172351313686,-0.6421595324255702
2000-02-25,0.2846527651746322,-18.289647003416817,-6.925783501855727,-0.13499772295399248
2000-02-26,1.5324216742981651,-17.666755603449108,-7.79748365865418,0.7265202273288576
2000-02-27,0.3198171253958013,-17.405887205229195,-7.034563928198732,3.331814582795177
2000-02-28,-1.4889903074366442,-17.46879022499674,-7.615879932950092,2.0123389893523145
2000-02-29,-1.7977153061289601,-16.867088608900527,-8.799330769065623,3.2496948148441516
2000-03-01,-1.2248959697905306,-17.05513881373509,-6.097417194769275,3.191104455883489
2000-03-02,-0.7683035834691381,-18.324674556440737,-6.884064364919835,2.997783749079417
2000-03-03,0.3169534753323964,-18.511101516856485,-7.4385240696104065,3.2890821487153064
2000-03-04,-1.0596097118921786,-17.825027365303598,-8.23939151446965,2.086515838152967
2000-03-05,-1.9803108526914603,-17.349116703977394,-8.377096754819686,1.569292713592031
2000-03-06,-2.128940125571827,-15.985180196851786,-8.984281628370308,2.0521367486387048
2000-03-07,-2.079598337716467,-15.234686553222128,-7.79185496862822,3.8065407379936467
2000-03-08,-2.3347244134966303,-14.208236861964394,-9.28483557952148,2.7968341695847796
2000-03-09,-2.3417259421905596,-13.584554672230563,-10.477714609074681,2.2870828875655502
2000-03-10,-1.8260765220028126,-13.210221366256322,-12.371355100795364,2.3290832205435756
2000-03-11,-3.496412469253191,-13.034545728994575,-13.448177514015429,3.0300567746890437
2000-03-12,-4.429227046243127,-13.938571700178606,-11.86065380653129,5.178090244824669
2000-03-13,-4.283925067853854,-14.067499584952525,-12.241888258503653,5.433437401473506
2000-03-14,-5.516438013482489,-13.43077158109513,-11.053025694939485,4.7082359691028755
2000-03-15,-4.991835869627466,-12.593895070528536,-9.758584601975643,7.070522531576138
2000-03-16,-6.485055022506179,-14.64292283264053,-8.432973238771654,6.741262443792068
2000-03-17,-5.772878704253168,-15.023860757935573,-7.061767109662487,6.488103149751484
2000-03-18,-5.838084812392395,-14.108271837261784,-6.3728481861763155,7.423593604198295
2000-03-19,-6.365779981560419,-15.194210566858661,-6.461704937611754,6.971547297107794
2000-03-20,-6.685634314645499,-15.516672958930785,-6.67697019939172,7.404385096629736
2000-03-21,-7.839989614521535,-15.925659107069368,-6.1389952394088985,7.810358871323735
2000-03-22,-9.427603854921388,-16.775997198267238,-5.426145642140133,8.536327537311346
2000-03-23,-8.605982946117711,-17.296400390542857,-5.18357450276328,9.034332841554201
2000-03-24,-5.915263786651882,-17.63823749118033,-5.477300614945697,9.522347336630832
2000-03-25,-7.214891841704887,-18.751937890330844,-4.229024417521372,9.872455978517875
2000-03-26,-4.80587658793484,-18.57523726260955,-4.56027613403057,9.412161698552405
2000-03-27,-3.6968253588488666,-19.53102561107228,-4.307369358284442,10.676082865983377
2000-03-28,-4.231574824024544,-19.93764470495737,-4.360262717541464,10.178647810160967
2000-03-29,-6.582321555856114,-20.432297624708706,-5.463496851458135,10.519789866085123
2000-03-30,-7.028366275023827,-21.347337556297315,-5.19271377817923,11.141524900226404
2000-03-31,-6.119025775863492,-21.862720927880616,-5.917035527921936,9.038344313308293
2000-04-01,-4.872064967280058,-22.15431675957447,-7.819172481932907,7.596761132287361
2000-04-02,-4.283618217596798,-23.045802646665738,-8.551469171511227,7.15928458175212
2000-04-03,-5.87367031149263,-24.74110276989631,-7.832783447242515,6.907388933436705
2000-04-04,-4.7947491126886295,-24.329151217234227,-6.803153097263326,5.47280360621707
2000-04-05,-2.859752854194159,-25.288735334303006,-7.9804527756169,5.043205400907359
2000-04-06,-2.5087131722589806,-25.309977672580565,-8.052741642834029,4.092864115599935
2000-04-07,-3.4965781979291903,-24.69411998057719,-7.168526931515436,4.221775172201739
2000-04-08,-1.9842370004802166,-24.117764491779994,-8.280578639982105,4.929166044364025
2000-04-09,-1.667589673333493,-23.52254782581973,-9.16557908350559,6.788995249283779
2000-04-10,-1.8319593869376434,-24.003592549716323,-9.250487090478401,5.597651797354548
2000-04-11,-2.1847984394171336,-24.137172274506995,-10.429905172106611,4.708396286774082
2000-04-12,-2.0649449668784223,-24.07034126281881,-11.397789882599644,4.4605340341615625
2000-04-13,-1.6049758439775004,-23.534741633394244,-11.339153323205961,3.2706327329223708
2000-04-14,-0.9598210455228849,-21.376647763624106,-11.584121982202337,4.549880249888104
2000-04-15,-2.589227940767894,-20.05629189699559,-12.798376766709659,5.055273921628119
2000-04-16,-1.6950093986050325,-17.07329889163625,-11.466692644587612,6.1227548530331
2000-04-17,-1.2456371175286,-15.930326173974153,-11.283881182053829,5.023226751727137
2000-04-18,-2.0990509140110793,-15.2998389158556,-9.899464263652288,5.724453676919907
2000-04-19,-1.9463076242062343,-16.871748596440778,-12.002049629006297,5.187007318990784
2000-04-20,-1.2441316044848652,-14.195421004862627,-12.185924028510541,6.16453895881648
2000-04-21,-0.6335045438969688,-14.8088511843655,-12.490028993260786,6.022758418543474
2000-04-22,-1.7891336027227909,-13.46356877316043,-11.179429585373287,7.378932060492147
2000-04-23,-1.4549598007397777,-11.387819583042244,-10.047259003159718,6.60992395667045
2000-04-24,-1.5724947836751144,-11.466831717389889,-10.615541064175638,6.67238303735969
2000-04-25,-1.3027895646360603,-10.168540784299571,-10.854339543392259,6.775289980550432
2000-04-26,-0.09006644359269833,-10.08115093265839,-10.83859897559759,8.334936337415652
2000-04-27,-0.242848070693605,-11.112598826509778,-10.97682685243153,7.935258645131624
2000-04-28,-1.5107641450231306,-11.333849773130412,-10.40731878028185,7.732804482157345
2000-04-29,-4.4965294178417805,-11.082370718691053,-11.590173552914981,8.314051467895975
2000-04-30,-1.377727078306226,-10.592253352939712,-11.666409402874878,8.939937686718578
2000-05-01,-1.1638111683256862,-9.92043853254953,-11.022509920906906,9.754777476387549
2000-05-02,0.3153046707779146,-9.558728848679928,-10.731562480086959,7.8691512829775885
2000-05-03,0.44578730877883366,-10.791674980775177,-10.115971398680246,9.495735941166089
2000-05-04,1.2834392697897976,-11.654880439995258,-10.211566847297926,11.10023706317486
2000-05-05,1.779696326918994,-10.296883474640047,-11.090597236785994,10.145641870266799
2000-05-06,0.35941721271682003,-11.646538764956793,-10.66122147398603,9.380046622810667
2000-05-07,-0.20725322936714496,-12.355347321476872,-10.355896207979368,10.323697728006291
2000-05-08,0.18993541943925252,-13.373365560323172,-10.97051799060407,10.101195562415013
2000-05-09,2.2137233846211073,-12.729547728678286,-8.60375274273585,8.160269770508213
2000-05-10,1.1318800282305954,-14.074079342945124,-8.261588199832172,8.477266938024313
2000-05-11,1.6418720192035512,-13.232161266610063,-7.534861302871592,10.245431167218028
2000-05-12,0.3292236611776085,-13.891154767729844,-6.257460870072389,11.126140842062329
2000-05-13,0.5121407654677681,-12.593636684533806,-7.4759935779221784,10.94545577288802
2000-05-14,1.8708937580815068,-14.651989474500093,-7.4832682824515615,10.939048954007824
2000-05-15,1.1524779984693896,-14.35041973139732,-7.506670234468827,9.602529026043724
2000-05-16,3.047333917034849,-15.725503810631794,-8.559149578168727,9.608575903741029
2000-05-17,3.0507572878758045,-15.621558657040463,-6.975954319296537,8.486273340960194
2000-05-18,5.048415332038081,-16.623552450721004,-6.601231969491221,8.330952645041803
2000-05-19,5.697034207094218,-16.987852058350672,-7.248796407617995,7.188088059775761
2000-05-20,7.872501692588658,-16.593404884576973,-6.819845133021398,6.1845464261604315
2000-05-21,7.675608601427676,-17.235097856961232,-7.132172072905436,7.20338757773199
2000-05-22,7.393266035857785,-18.07257007533413,-8.79091137851969,7.177197323098146
2000-05-23,8.237384559242976,-18.610560188482854,-10.090847696278683,6.301347675166083
2000-05-24,7.736781927186407,-19.90082990409121,-11.520853970292325,7.010258457556989
2000-05-25,7.797869859670231,-22.390201391958424,-11.927004551218,7.277944552137178
2000-05-26,10.493115588893698,-22.664208410752014,-12.728233477590155,6.980036666504223
2000-05-27,9.502096286360628,-21.881171907023003,-12.183822099925166,7.7064690784297145
2000-05-28,9.279150380174954,-23.19372396501137,-13.008731118908852,8.248038632815748
2000-05-29,11.754306179864516,-22.648261034774603,-11.907505449620526,6.662960900062139
2000-05-30,11.17421688052491,-22.320490275795436,-11.573673889678965,6.919684293406951
2000-05-31,9.56813009844592,-23.181604764932363,-12.830724702322652,7.165371043485117
2000-06-01,9.261863127711568,-24.09685763398981,-13.023133023421016,7.272341813654095
2000-06-02,8.911611543586552,-24.104433556897007,-11.540059769511739,6.022768809136647
2000-06-03,7.822721595669702,-24.4143979373932,-9.945533984291124,6.136803021117505
2000-06-04,5.946743013769524,-24.74413562330147,-9.976872958037875,6.343517107431953
2000-06-05,7.015489172683341,-25.2082242000117,-10.509371171999463,5.100288353183134
2000-06-06,7.582223686413309,-27.517522435607923,-8.199177392040967,6.049293806944553
2000-06-07,7.225367644904728,-26.483959522538036,-9.089598373989439,5.513727247411326
2000-06-08,7.136967643015102,-25.411302396162473,-9.396050480957632,6.6572907449548975
2000-06-09,7.0494209657783715,-26.612531642819615,-10.59364943124932,6.375989292050309
2000-06-10,6.763170863027055,-25.596631955713395,-10.263357091943725,5.425327583279981
2000-06-11,5.950879018978824,-27.990282482566354,-12.708813872771904,5.326461903975916
2000-06-12,5.711401036993037,-29.517056032659404,-13.25261460488692,4.960976391397526
2000-06-13,5.861815573211087,-28.694440134919624,-12.606067186995311,5.626262147350118
2000-06-14,5.119017856386697,-28.58912926552663,-12.144239512574329,7.293353892696834
2000-06-15,4.646933102679068,-27.167617663337772,-11.91995867820954,5.311930034721978
2000-06-16,4.233114351281809,-27.236259629056477,-11.126121502752857,6.958934044093169
2000-06-17,4.255573182537493,-27.46785250972065,-12.395191389651592,5.928729126482346
2000-06-18,3.49357945009951,-26.73192672924082,-11.96237609914305,7.565132762549981
2000-06-19,4.506113776016514,-26.64097981993165,-13.109053777388167,7.942494346970931
2000-06-20,3.577073608624679,-28.199347713090376,-13.534892929598685,8.930841004657886
2000-06-21,6.148641668426422,-29.67031379080611,-13.514938157247316,8.442946516228897
2000-06-22,4.631277033445921,-30.075970395881555,-12.02585459218561,7.694304152832066
2000-06-23,3.3766724129696124,-30.143452032500754,-9.298652186665501,7.962522393166907
2000-06-24,2.106958975318931,-30.571864543356522,-10.690142214266642,8.40223543398846
2000-06-25,2.564749123001498,-30.418892728813926,-11.576861050253878,9.658269701565844
2000-06-26,3.342579674124153,-28.69867113321464,-12.034470278273384,9.8639920183364
2000-06-27,3.8854742667360656,-27.82538116306746,-12.195526863097736,9.523077427127006
2000-06-28,6.20069190103597,-28.105593629855576,-11.599398183934213,11.183909902654223
2000-06-29,6.959227259555781,-28.07103852853003,-10.694177981543374,10.04598683906027
2000-06-30,6.743014369572894,-26.98552641737192,-11.887242108125253,8.479676047953955
2000-07-01,4.99954125105215,-27.304574818026737,-13.285373265892572,8.21692341502253
2000-07-02,5.382726358977555,-28.726690845623548,-13.825851798259825,8.381350232700251
2000-07-03,5.697157580480683,-26.807098871855484,-12.715634019035662,8.013705269083065
2000-07-04,6.383788051882095,-25.980620892632533,-11.776668200927691,8.26036125970403
2000-07-05,6.462233034179562,-26.672806214896703,-11.262365622938747,9.17207835357689
2000-07-06,3.9731752755532592,-26.19885303791282,-10.625711604104612,9.009710880711479
2000-07-07,3.6696451868977835,-27.056922457043626,-10.393259586161436,8.150680174651514
2000-07-08,2.954970729879239,-28.011560158983237,-10.14805875310164,8.505737073501152
2000-07-09,3.425093233873688,-29.10588201405774,-7.988362795873466,9.40775968545611
2000-07-10,3.2977525804093237,-30.337827745790733,-6.951531475770001,9.734747876953092
2000-07-11,4.523275533053331,-29.22747157970842,-6.740019775863279,9.583106567064844
2000-07-12,4.408454802559171,-28.663271197284335,-6.004309792890684,8.469904112087274
2000-07-13,4.784068365220763,-28.720830373507663,-6.690738337382621,9.571067814044332
2000-07-14,6.246191276465169,-28.65634626660246,-6.852802712146567,11.11995380319149
2000-07-15,5.9003723404974044,-28.54869003585282,-6.534438422781572,13.105199297872407
2000-07-16,6.101287073372447,-28.497029399604653,-7.703410924232232,13.485040174954422
2000-07-17,5.842960200518875,-28.150821457719307,-7.711634880620687,13.431585686446741
2000-07-18,6.158332153530771,-28.518579539685206,-6.84044169954743,15.188894468616498
2000-07-19,5.963135521926517,-29.42770939013331,-6.970648566461088,14.249963002056914
2000-07-20,6.723287803168001,-29.252796063957845,-7.2933565197127574,13.420718682606578
2000-07-21,9.311771906474801,-28.79817105319174,-7.700342457481297,12.339580931095087
2000-07-22,8.303817221947817,-27.708643207925462,-7.321618559373353,13.01793334525753
2000-07-23,8.110806636432686,-29.41861254544533,-7.118400747822696,13.652478771155375
2000-07-24,7.89923619578757,-29.532970637260153,-6.869996540900297,13.634429758466101
2000-07-25,10.34359238532506,-27.884397310293508,-8.653015474667528,15.539125946890191
2000-07-26,9.337363225920928,-27.4098245644247,-9.758327486876308,17.582400554766643
2000-07-27,9.380789600573385,-27.685169626843507,-9.352859720189798,17.609728568857903
2000-07-28,7.805921771925913,-27.984481950580744,-9.695624934884963,18.281647108804293
2000-07-29,7.539512349052642,-28.014046834990452,-9.723062924606541,17.91758389524324
2000-07-30,8.02869938497858,-29.34234517834759,-7.54843200149986,19.696380000310008
2000-07-31,9.190112311016671,-28.613130963639012,-7.047617305544727,18.871292628605925
2000-08-01,9.35072307473932,-28.593279200087256,-5.695984851304089,19.16221447871357
2000-08-02,11.605884899859536,-28.56870309206475,-5.852070824321118,18.585399058456126
2000-08-03,11.11998620052623,-29.525308082479405,-4.4523940871464,18.811298628500452
2000-08-04,11.541254522248172,-30.665579510105108,-3.925171853728581,18.34641042206055
2000-08-05,11.38360468798909,-30.262452195684798,-2.8177290231429173,18.671236232057964
2000-08-06,10.927839388220864,-29.564397836494305,-2.1599810908785493,19.211529221089076
2000-08-07,9.391753709517205,-27.99806052599525,-1.2484098049804073,19.015537961575195
2000-08-08,8.029557128101203,-25.549414071137956,-0.15898764171901236,16.120120719248177
2000-08-09,7.551049842575592,-24.536261744308163,1.7853885202296185,15.887572822102253
2000-08-10,8.548091132408365,-22.995873111500366,1.6197671454506408,15.509378653089135
2000-08-11,8.23422027235477,-23.074733769731317,1.9724818482330542,16.499385134246754
2000-08-12,9.532196860397006,-23.020084509410818,2.322971115188449,17.336682747876587
2000-08-13,9.09906089939027,-22.830099001615515,2.281239991134618,16.151919493827858
2000-08-14,8.683638712315016,-21.979920873507982,0.7968180643945331,14.940373760547956
2000-08-15,9.173281975932582,-22.470358940087237,-0.09070757235663818,15.52264555877826
2000-08-16,6.995382842314841,-23.22471591805109,-1.8572257719758456,16.653650743084377
2000-08-17,6.205870322693988,-25.065285167267206,-3.831899647019257,15.055009349721843
2000-08-18,5.3569963013729,-22.560358256014002,-4.354542263857912,16.602274462516792
2000-08-19,5.011829369619594,-21.537876496456754,-3.647981524232922,16.399827484240106
2000-08-20,4.604177990999129,-19.78054239326029,-2.8440204296058846,15.881367989183017
2000-08-21,4.207985632049001,-20.71564330273165,-3.086333972173121,16.206913888175333
2000-08-22,4.0451718753667265,-21.055803174613544,-4.034363488419236,15.741131339223328
2000-08-23,3.626330730361223,-22.017831332263306,-4.836710709728263,16.031898677862582
2000-08-24,4.941895625116935,-20.595511728314236,-3.7224725223716977,15.69233292389114
2000-08-25,3.594991791672157,-20.11447798334804,-4.757793488460829,15.02665545049122
2000-08-26,2.43542810693411,-21.09691827896275,-4.9259888700067584,15.438544238272764
2000-08-27,2.896485952246623,-23.090579152969553,-3.488302140764177,16.010731209348354
2000-08-28,2.885924145393711,-22.3381050051155,-2.459442303368954,16.46152095385358
2000-08-29,4.117202911118943,-21.855695989999646,-2.526470815373428,15.993785261473981
2000-08-30,2.6954655457507135,-23.52295199324091,-3.566412501577229,18.206098847971752
2000-08-31,2.2094432218359517,-22.231929429816816,-2.587584225553864,19.26962936472141
2000-09-01,-0.26079231210267695,-24.319190599796585,-0.5767236594878753,21.88631465432832
2000-09-02,0.28776269017355216,-25.603681140845524,-0.7758731567100114,22.062893618814954
2000-09-03,-1.1759756811257112,-26.20051613230124,-1.825733681349368,21.423708106642515
2000-09-04,-0.5879621608721597,-26.260930177588033,-1.798895644918886,21.730014951826405
2000-09-05,-0.5694293061821684,-28.18639854280387,-3.1813218864348123,21.35283876266033
2000-09-06,-1.3240357743619486,-27.985190082048838,-3.0471255286901098,21.623942608238142
2000-09-07,-0.4191544889772564,-29.041701211516994,-2.8051743854885474,22.006089822447773
2000-09-08,-0.07386701151771796,-28.70097728178614,-2.576537010829312,21.02033750396804
2000-09-09,1.062779225098611,-30.66818488944193,-2.4553317534623296,19.970449214656455
2000-09-10,-0.5598624692813614,-30.857027098265856,-3.500853647976478,17.64300947911519
2000-09-11,-1.782265107634627,-31.977738461907123,-3.174784805689533,16.62549077334327
2000-09-12,-1.6292310520814055,-34.01771121382871,-2.210621380380001,15.963098465027956
2000-09-13,-2.5692417618698404,-33.679813133436305,-3.3406495987036693,15.741189597079586
2000-09-14,-4.120778762705696,-32.77834590351486,-3.3948412299311137,16.463164411563092
2000-09-15,-2.8277424770982753,-33.088638762444106,-3.240279067866999,15.84174895710074
2000-09-16,-3.4241964017277686,-33.27829929262047,-4.15708877668154,12.988157219111113
2000-09-17,-2.872696777278296,-33.823299549289594,-3.2424963347556837,12.544410674063236
2000-09-18,-2.6319386390586095,-35.898225516611106,-1.8847130319585796,13.38031341236762
2000-09-19,-2.0916564934047885,-36.68669186943356,-3.065890275257903,14.215620036187598
2000-09-20,-3.4292582654461805,-35.90884519436597,-3.3607330039189445,13.881373847092156
2000-09-21,-4.363292110145184,-37.14533993936192,-3.586637953913803,13.849588395199055
2000-09-22,-4.162399966344999,-37.49866630651487,-3.6377285646131097,14.129769565000139
2000-09-23,-4.24185009625418,-37.70360965501569,-3.6608022319747002,15.817567007869956
2000-09-24,-1.095632071632345,-38.44294119546864,-4.403338680248068,15.909814823586139
2000-09-25,-0.3658747359517479,-38.42223461063592,-4.9384006357868895,13.936893536414544
2000-09-26,0.31852580423613286,-39.031631911315614,-4.887261389172983,11.898342107372237
2000-09-27,0.15575037961991264,-39.93134668902128,-4.67344323785883,10.702637920376754
2000-09-28,-0.6980939952702389,-40.480272536267655,-4.123169965880012,10.858319726213592
2000-09-29,-0.052980581094587476,-40.48753884405455,-3.822145449453143,11.954991789869538
2000-09-30,0.7727716261208204,-40.24538162110486,-4.3250666246335285,9.293489426854412
2000-10-01,0.759474056629889,-40.36715070771409,-5.2439484837051635,9.729787193404137
2000-10-02,1.3946313135894575,-38.423404341148,-5.443074254754929,8.882799698878891
2000-10-03,1.675981456172614,-38.94751084989751,-6.010556157583916,8.2602880637549
2000-10-04,1.938043941390255,-39.05094891403737,-5.4120661361176765,6.678481557269514
2000-10-05,1.9096790554611172,-39.042878980833855,-4.735501422379847,8.421288027405609
2000-10-06,2.3651655970488203,-39.6040635839723,-7.406831604199204,10.294333665235468
2000-10-07,1.7495903150307734,-39.81618114115149,-8.053717277441448,9.997545865380088
2000-10-08,1.1075174159194021,-41.19513191453124,-8.89940348981891,9.05902355849234
2000-10-09,-0.9766032468916399,-41.283970792862654,-8.01868095740936,6.943085005306517
2000-10-10,0.33622816568783787,-40.9029556148264,-7.905041870874904,5.265709064661634
2000-10-11,0.03778595460774259,-40.88119163206198,-6.915973486785002,3.9074891538726297
2000-10-12,1.5786166029165227,-42.38158793593792,-6.550649247212237,5.675201025098257
2000-10-13,2.623736414909227,-41.2969746815506,-5.930053837882829,4.213744713599489
2000-10-14,2.4143805054945657,-40.729288569875045,-5.554473476000213,3.439946339487406
2000-10-15,1.7500118814430534,-42.022182373185046,-6.035510227466912,3.306655147997013
2000-10-16,1.0516410993203342,-42.022934407074786,-5.704391249910678,2.414759672367624
2000-10-17,2.0316730183423424,-40.822102149856924,-4.768390782588325,1.5269253028113212
2000-10-18,2.212915943512332,-40.37513171917146,-4.71757492734275,0.6343382510686039
2000-10-19,1.5295941153069217,-41.027467027659235,-4.834696055473344,0.0622299762679428
2000-10-20,-0.7177070614352941,-40.815215549999465,-4.827600553971112,-0.05203781473731077
2000-10-21,-0.07689022811550972,-39.744221278389,-4.443625372589594,0.4501958420473893
2000-10-22,-0.7740680396493054,-40.250088444530775,-4.873981772783093,-1.218887263826983
2000-10-23,-0.687988560461396,-38.6161089941326,-6.250782969286692,-1.0337881288824284
2000-10-24,-0.022846461623450165,-37.5573189601884,-8.278821750740368,-0.5320076073572967
2000-10-25,0.32900793672451156,-38.09338496272886,-8.041850381527084,-0.034734775397683215
2000-10-26,1.0707763783441964,-36.687563596550326,-7.730263647955586,1.430700549113051
2000-10-27,1.363941702837165,-38.7212388813691,-7.896779604270376,2.0789861925750337
2000-10-28,3.6266610903034207,-38.46649919301354,-7.420476460815582,1.5057013802103045
2000-10-29,2.7714556867459876,-36.535747468326996,-6.531749309844051,1.743721978063434
2000-10-30,4.690156466659271,-36.350919399430765,-7.8653132874034695,0.007523397211627314
2000-10-31,5.9360220577907885,-34.26129231385699,-9.296501186983031,0.31806624806724576
2000-11-01,6.126238756188552,-34.78472821947589,-10.037948231182103,0.019095923836503104
2000-11-02,6.668808120306301,-35.74167203476498,-10.741810696560592,-0.4198702782379232
2000-11-03,6.2921976895319265,-35.49807363244293,-9.90213057746577,0.49346246437597985
2000-11-04,6.777078349540761,-35.904149940926,-8.870739731783315,0.2193677693738309
2000-11-05,8.679025082907842,-36.367884878005945,-10.008944424360966,-1.2424777668708615
2000-11-06,10.15458345265757,-38.31276767739366,-10.774802557909473,-2.058762434321557
2000-11-07,10.262224073821175,-39.04099925783693,-10.949379427375318,-1.444112142141559
2000-11-08,10.084419807026032,-36.686937476510856,-11.875107048752318,-2.4329378976659397
2000-11-09,11.221065452442781,-36.04089917457565,-12.159276274855117,-2.847457913056106
2000-11-10,13.225591627372294,-36.38961004843217,-12.573874979723895,-2.3677327402581043
2000-11-11,13.6177244201841,-34.4852534492389,-12.798042933488826,-4.3791390032768565
2000-11-12,12.618166377123837,-35.94983237770248,-13.273793681548735,-4.859873250889466
2000-11-13,13.585052742880775,-37.04620332800858,-10.341871337839724,-3.423540284026747
2000-11-14,12.96187875119448,-36.72645014082419,-11.123098349574661,-4.48365011930901
2000-11-15,12.471382373527979,-36.31822669726526,-12.385275741230927,-3.668268384866807
2000-11-16,11.97476647734867,-36.63634826584182,-11.75897094614045,-2.3675857120197317
2000-11-17,12.585441944000225,-36.80147803382796,-11.49511322320006,-2.7310667984425376
2000-11-18,12.44088147352815,-37.63498909535176,-12.207500728080793,-3.437970036937726
2000-11-19,11.456570908799632,-39.57985268120854,-13.059051721967066,-3.709966255110178
2000-11-20,10.401330981281669,-39.456158990678404,-13.69398082986867,-2.9840932877049493
2000-11-21,9.104380192760019,-38.629484113011436,-13.423781987304539,-3.0022799460793754
2000-11-22,7.879015256292664,-39.60755682067517,-11.949876779036783,-3.6903823374961418
2000-11-23,6.684472843166411,-39.87890973006947,-13.31260091289641,-4.920398724141196
2000-11-24,7.852591460297928,-38.174099506511254,-13.437938676423117,-4.449904728464798
2000-11-25,5.977202461052778,-39.31156921776009,-15.54542028718422,-5.599119999592132
2000-11-26,4.256365990817053,-39.05309760930561,-14.692756387343895,-5.472034205773062
2000-11-27,2.9478359728419896,-37.69277770792245,-15.53572230110021,-5.1755924852908075
2000-11-28,2.413875464079811,-37.86434835245058,-14.186084502045663,-5.902372381073252
2000-11-29,3.5888239057310223,-41.961524162573916,-14.626512340478277,-4.969039414254797
2000-11-30,3.742037526875307,-41.79636993374897,-15.149317936932215,-3.1733326233467922
2000-12-01,3.6353494506249895,-42.50129369850411,-17.349337309444714,-2.5750232599060983
2000-12-02,3.2323226968948617,-40.66871876682559,-17.869394117111145,-4.399880834104113
2000-12-03,3.6030041719651305,-39.70802853328277,-17.963039758201425,-3.7237726397347584
2000-12-04,2.043646265682492,-38.698465766996875,-18.618329557655073,-5.768306724780656
2000-12-05,3.3891278493931782,-38.39345030244807,-19.447204876173675,-4.883124580729307
2000-12-06,2.3783032626726937,-35.451482891123746,-20.464949217123813,-5.800285229699593
2000-12-07,1.6782014091414708,-35.41995869986041,-22.187787455566955,-6.6697615035753515
2000-12-08,1.6606184200031284,-35.89311968608095,-22.199645048422582,-5.392402797769389
2000-12-09,1.205918955756769,-35.8573965655443,-20.88512222295383,-5.19826970983707
2000-12-10,0.25036545747478,-34.340544066678824,-21.18451527527905,-5.471804194551002
2000-12-11,0.6550147494197238,-34.379438887220445,-21.359918046930243,-7.380597000195272
2000-12-12,0.19366244382371312,-32.93988262361262,-20.51474284269261,-5.7561211316731775
2000-12-13,1.4761101304925839,-33.29597286640823,-20.731334203214793,-6.653571682900512
2000-12-14,1.9689077006139364,-30.828974359504084,-20.983733678046658,-4.862659715196573
2000-12-15,1.6578435065535206,-31.869417138690928,-20.677537447595217,-5.312212127265499
2000-12-16,2.1051354653336096,-32.73129077764315,-21.092540364421957,-5.048906708767003
2000-12-17,1.7657545279871723,-33.53933027593198,-20.716346466251792,-4.323959221507478
2000-12-18,1.7882888465215188,-32.283929747919956,-20.054361468611933,-4.281050526545824
2000-12-19,3.2897770569048417,-32.77292373262648,-20.171226818312316,-3.0236256527028953
2000-12-20,1.8380546813975476,-32.78745902083281,-20.544648200887654,-2.2885029049184933
2000-12-21,3.2081225222153407,-30.33185967667121,-19.828804777537783,-3.285784066008087
2000-12-22,2.2750199398668993,-30.16132436896889,-19.639104784442257,-2.5203803158529645
2000-12-23,0.8382685336231004,-30.855746080039136,-19.388954110178908,-2.586403169860324
2000-12-24,0.6369099324969616,-31.978179187960812,-20.102997461786373,-1.1272833629782941
2000-12-25,-0.2616705594924108,-31.697631001159955,-18.884361767348526,-1.382181152410706
2000-12-26,-1.234842053084238,-31.870008311666403,-18.700376933241518,-1.7590886425653998
2000-12-27,-2.8293905441891996,-31.164959903876944,-19.58619051728682,-2.2402162588546872
2000-12-28,-3.355709082100947,-30.714060844422864,-19.53243737042015,-2.243825250973615
2000-12-29,-4.9872055300959,-30.064257455894953,-18.381535649645613,-2.971393061276499
2000-12-30,-5.421413969439242,-29.282187209504,-19.03593793169671,-2.3589474204893737
2000-12-31,-5.3493259288243316,-29.793721980200765,-21.131710112170264,-2.177072749203379
2001-01-01,-4.002628649523895,-30.96342801146956,-17.921524506310128,-2.341073816161642
2001-01-02,-4.169331772150821,-30.184512751504997,-19.0325895175757,-2.807223497410755
2001-01-03,-6.1764939942492845,-30.522730738652182,-18.94837330928647,-1.8004452868937968
2001-01-04,-6.303402254308347,-29.26105548394062,-18.167646149996592,-2.2224710217499766
2001-01-05,-6.0123197668841675,-28.101758743451725,-18.126695198898922,-1.5238243188602185
2001-01-06,-4.788540904328138,-27.815970104281437,-19.306295189644917,-2.135844664419807
2001-01-07,-5.79685410091986,-28.057443704389247,-19.621863275896665,-3.3528532649107152
2001-01-08,-6.242531590553427,-27.4618968102836,-20.855545834395436,-2.235667301993639
2001-01-09,-6.543562643332581,-26.751407651278356,-21.710636518518047,-2.35300566319786
2001-01-10,-5.54536533090023,-27.17402270076348,-21.300390993957194,-2.2962672658724914
2001-01-11,-5.507056219395083,-26.861951642435603,-22.276641831259433,-2.710837358381027
2001-01-12,-4.925248624878812,-27.32950832508488,-21.698292978862074,-3.594058428330032
2001-01-13,-5.552429372064969,-27.40927676159056,-21.217658930063575,-4.045053037870602
2001-01-14,-6.826992723534003,-27.946209146556015,-21.39799747553489,-4.050559639894062
2001-01-15,-6.318118491229091,-27.624298662461175,-21.93014834030383,-4.189314706423477
2001-01-16,-6.013053891948107,-26.052364479231407,-24.11461500271142,-5.466013285453773
2001-01-17,-5.909628204232708,-23.63064123497246,-23.247638202770208,-5.347186541178304
2001-01-18,-4.7573002690303285,-23.550854459161755,-23.300166373911562,-5.348059780782104
2001-01-19,-5.702082865099487,-24.573436303251054,-25.209810375789562,-6.639162735802857
2001-01-20,-5.39283731631938,-23.795926294877983,-24.81036056935468,-6.501021352727759
2001-01-21,-5.90003573321509,-23.082001501647294,-25.579263715508006,-6.960422124472715
2001-01-22,-4.539427007842466,-21.790998659897635,-25.156009674060773,-7.037088723882882
2001-01-23,-4.110092641734523,-20.628043876456694,-24.610366585380078,-7.285220544501028
2001-01-24,-5.797250847367746,-21.590019077316384,-26.702589664072782,-6.5530582045954855
2001-01-25,-5.136156632089133,-21.692406222260065,-25.41509648377549,-6.82957358419354
2001-01-26,-4.279807023021691,-22.703381100570304,-25.926023424714757,-7.474239352844931
2001-01-27,-4.319523522537809,-24.140641382629287,-26.165047391991102,-6.7064236821393175
2001-01-28,-4.1480088551080785,-24.919489723616955,-24.968813522442794,-6.415360078495689
2001-01-29,-5.768011507839979,-24.046432490481887,-26.706819215200028,-7.629391226360404
2001-01-30,-6.344033763603909,-23.96366654443261,-26.778311698352027,-9.793429861028034
2001-01-31,-5.306552288178803,-23.90079253682482,-27.034611666487148,-11.536774943744666
2001-02-01,-3.2863631274390666,-24.199812493446185,-28.205791047002275,-13.106673892417824
2001-02-02,-2.4318223070560134,-23.481722436108207,-28.564782406365328,-13.016256454688573
2001-02-03,-2.048407855173185,-23.804238326995254,-28.44736498175493,-13.718356584105827
2001-02-04,-2.088807819959127,-23.851416576133374,-28.85469985259534,-13.3504392636532
2001-02-05,-2.3836636643527807,-23.707187212207124,-30.243679120813034,-12.273752842162617
2001-02-06,-0.6683922317784832,-24.960823436586402,-31.83743084116251,-11.15889789673978
2001-02-07,-1.9002102999259798,-22.103795637008005,-32.20835533098738,-10.58076161434964
2001-02-08,-2.537060432952262,-18.656905570973173,-30.122655445657067,-11.897611116915156
2001-02-09,-3.146850187052539,-19.505588179818556,-30.417439366866382,-12.39826485918292
2001-02-10,-3.715045644184036,-17.719291078201195,-29.549179093333528,-12.87828559995122
2001-02-11,-3.8051179180333143,-17.460485165497655,-31.296926843340096,-12.401972391317832
2001-02-12,-4.748105613369264,-19.236829090301026,-32.55553636045353,-11.76222670744379
2001-02-13,-4.389111520249762,-19.835726575101276,-32.29742937238346,-10.567021589217152
2001-02-14,-4.611487394942471,-18.270408024050415,-32.186255994652406,-9.29432731112132
2001-02-15,-5.120298305357831,-18.826793839126882,-33.015288190121396,-9.713362865099404
2001-02-16,-4.656521056251366,-18.68970168664637,-32.836526958720846,-8.08822656739642
2001-02-17,-4.129143641427592,-16.246120930666752,-33.46120021011807,-7.697012441548105
2001-02-18,-3.6962136580327174,-15.84245661087963,-33.19274243566924,-7.071794307523199
2001-02-19,-2.7915955728462043,-14.666341612127304,-31.453331428211616,-7.167017691457407
2001-02-20,-1.301208506519755,-16.0298107419264,-31.37325420495713,-6.884126315206486
2001-02-21,-1.9080277362106584,-14.623468283995093,-32.190114271502395,-6.972735099591396
2001-02-22,-0.7812186571007473,-15.421475563503137,-32.16895892359417,-8.484090556842869
2001-02-23,0.15129553008916863,-16.10519428604286,-32.20997379613812,-10.868341561976106
2001-02-24,2.4791721989611784,-15.986992223748384,-32.65038348448627,-10.06645438750549
2001-02-25,1.2627822148865984,-14.920328228489126,-32.831712244995224,-8.541469777177651
2001-02-26,1.8676824301159307,-16.32619421989606,-31.897329001130878,-8.087704924282777
2001-02-27,2.0187231525703733,-16.53210066461782,-30.792009029848398,-7.750712942864259
2001-02-28,2.256157410158966,-16.55955943087146,-30.328006045609527,-7.555780885095749
2001-03-01,5.096752363020009,-15.979293759408861,-30.10087773084743,-6.890386394658674
2001-03-02,7.069002927161208,-17.644840597333175,-30.93000612254696,-5.865183906403022
2001-03-03,5.009983969844225,-19.771306260270066,-32.462480010095774,-4.869159233204878
2001-03-04,5.177048973192286,-20.667961217247147,-31.594405724723845,-5.366944388917488
2001-03-05,8.173336111464323,-21.154862153485862,-32.0594045792715,-5.914871437491919
2001-03-06,8.640379135374863,-21.87057568326252,-31.74861045103277,-4.470411487672804
2001-03-07,8.22650894235754,-23.038158862634347,-31.23207481607095,-4.145067900614394
2001-03-08,9.154618465101906,-22.22440362113521,-32.21755437427456,-5.332868845463424
2001-03-09,10.315693318788743,-23.81356974804273,-31.913631917453017,-5.44165865207278
2001-03-10,10.289925658235708,-23.145534561848113,-32.38871733424702,-6.379971826310796
2001-03-11,11.591974115444767,-24.053095314445475,-33.040507859635234,-7.066576711189232
2001-03-12,12.381552307642716,-23.778817295800305,-32.6635985180161,-6.101573098069486
2001-03-13,13.62435512130439,-22.325652449456932,-32.6618146855902,-6.177228978036681
2001-03-14,14.362091778959222,-21.46064702786164,-32.13461350658023,-4.878258561331568
2001-03-15,14.552388727482233,-21.264417230446657,-31.608923274224694,-4.745501265667157
2001-03-16,14.887942223138635,-22.477549783195844,-31.734636407595772,-3.592353684376186
2001-03-17,15.269469096556518,-24.314203402346966,-32.327777456457774,-1.2487823202209922
2001-03-18,16.81070636193492,-24.281190803789602,-31.8287929436666,-1.0653366421356465
2001-03-19,15.466876237688528,-24.818047409139908,-33.670280830609336,-0.6229863815083156
2001-03-20,15.557008692915119,-27.384328430390205,-34.363516355778444,-1.512758872123133
2001-03-21,14.160396551923007,-28.19341293955287,-34.835532727075666,-1.3815508508195005
2001-03-22,14.560195252732518,-27.91782049223375,-36.681656186129075,-1.4873284719534665
2001-03-23,13.581598560982043,-27.51976933701132,-37.641425657045176,-2.312741364645324
2001-03-24,12.850442781099256,-26.22658295301574,-37.21465776329384,-2.7914202374452057
2001-03-25,13.054984703403187,-26.226508185319503,-37.01644177987601,-2.7099846440182884
2001-03-26,12.943638744894724,-25.205832107529318,-35.65976351857449,-2.9256104084862327
2001-03-27,12.74027980080488,-25.357396489371826,-36.74236413282085,-3.0484887169033805
2001-03-28,13.048723574986719,-26.427059604282572,-37.250149035301924,-2.336599348288142
2001-03-29,13.083529692812075,-25.077623183340982,-37.49236496939183,-2.7297067984431926
2001-03-30,12.406266907993297,-27.28564516985025,-34.41990210519295,-2.9315691191285804
2001-03-31,12.188909839237395,-28.658937618283275,-35.37977209422541,-4.310471198798032
2001-04-01,13.401676262781578,-29.197485045786355,-34.48654963972016,-5.830944094840248
2001-04-02,13.870396272362116,-28.479070655889135,-33.540095098846805,-4.208295721706305
2001-04-03,12.58211241037197,-28.872593497487774,-34.470155928046786,-2.890755535435546
2001-04-04,11.797191126919568,-28.60398303198802,-34.041792314981535,-1.684334057710287
2001-04-05,12.374785379043278,-29.405014496904965,-33.90204644965729,-2.5909322524461524
2001-04-06,12.797960103195917,-28.586624566962122,-32.01302298975583,-3.426676073333506
2001-04-07,12.350183542066974,-29.179514463727653,-31.667464313790372,-4.752244787285461
2001-04-08,12.247339922892664,-30.24056380300683,-31.283784585255297,-4.207854933233731
2001-04-09,10.97515480818266,-30.45483299497061,-30.308301263186166,-4.1138882856329415
2001-04-10,9.440964489771305,-29.493304300608195,-30.832744176044613,-4.541355953051089
2001-04-11,9.769997416650218,-29.644900490634186,-31.08688853211072,-3.2482340793361346
2001-04-12,10.667114473706922,-28.98738441510161,-30.37907041405063,-3.1485033002237848
2001-04-13,9.25411855053226,-29.47365376874878,-28.623222493744503,-3.098600852221443
2001-04-14,9.049571135877787,-30.40943629018846,-27.77668739577889,-2.498829145798763
2001-04-15,10.468364551542308,-28.748596886630274,-28.173485671848866,-3.9415895614324965
2001-04-16,10.951272359987662,-29.85261591612894,-28.55343605008214,-4.797093127159657
2001-04-17,11.782444007222942,-30.20624851707435,-27.3282082172867,-3.686423204173649
2001-04-18,10.943143886178088,-29.399344829612243,-27.00186875660754,-4.1594137596235585
2001-04-19,10.435136747122211,-27.862952076829337,-27.859279304671894,-2.9333800468652416
2001-04-20,10.523829966301063,-26.708266733327186,-28.13749960979823,-2.706592572644229
2001-04-21,9.250794850587225,-25.417824075699976,-28.698258484906933,-2.5789038328581277
2001-04-22,9.796652640584249,-23.103935585445118,-28.407381224740583,-0.9145784426053942
2001-04-23,8.7621193837729,-24.301532736475828,-29.527762277953006,-1.1400677814338054
2001-04-24,8.548619163993841,-22.531183596563274,-31.04702210166161,-1.3321835008846352
2001-04-25,9.45968686766639,-22.889190520886174,-31.208556618111377,-1.2418504522305158
2001-04-26,9.65206940090544,-24.027811088035005,-31.15845012983584,-1.1462960100184416
2001-04-27,10.630125175862819,-23.828299745877096,-32.16659608876884,-1.7037190313980592
2001-04-28,10.31461253478596,-23.919410379921345,-32.975733314032155,-2.2767732246962162
2001-04-29,11.826248630854227,-25.460337460287985,-32.6107981573607,-2.0639839704386684
2001-04-30,13.27511609191942,-24.046014470388346,-32.66169012986343,-1.0894903927346977
2001-05-01,14.964489630535828,-23.901320492555968,-32.146371683345905,0.07585606725966976
2001-05-02,14.528129263689529,-23.25024343905839,-32.14046286480659,-0.2544575030505135
2001-05-03,15.00468877172543,-24.430974037367392,-33.03951426210375,1.2940921705842654
2001-05-04,15.656136452520919,-24.628652801608727,-33.69080079929895,0.11354195795571931
2001-05-05,15.073058268973439,-23.583355980145498,-35.57974122922193,0.9967256539348193
2001-05-06,15.934265871643305,-23.259681504875836,-35.95438602090299,0.7793246312804354
2001-05-07,14.510654312908972,-23.190027167740915,-37.231547998597094,0.6403604926074752
2001-05-08,14.751991327690288,-22.547897584586746,-37.0519883697692,1.0058890639159253
2001-05-09,15.763889462727452,-22.608203656681564,-36.57432410723913,-0.03749608945208638
2001-05-10,17.033304095113944,-22.055146328330096,-36.939245462360155,1.4407397843722283
2001-05-11,17.526436714396915,-21.44189180222797,-36.41267855351477,0.3678535232817257
2001-05-12,16.09127147161596,-21.44179154374556,-35.19952264828275,0.6824973626437254
2001-05-13,15.31280431653523,-20.940140240853996,-35.270007523844505,0.05296180658567751
2001-05-14,15.484517456379903,-20.009423992864622,-36.65992984799857,0.8501975368588038
2001-05-15,15.325443911927344,-18.456978872168936,-35.72368788085217,0.4048523819500853
2001-05-16,15.743220673620684,-17.559244577570993,-34.744778696922765,-1.908771424150569
2001-05-17,12.898842996826922,-17.94964916097994,-34.92294438897818,-1.7571947080461074
2001-05-18,12.106342531397612,-18.550254952358287,-33.99893841589776,-1.2709884372156812
2001-05-19,10.95457405200921,-18.891317541044952,-35.48940520251602,-2.0932540713081105
2001-05-20,9.765861255207234,-20.640011765476117,-34.465983571771524,-1.3215632283568448
2001-05-21,10.36529379504532,-20.365894445142715,-33.213011446976736,-1.8080151059457568
2001-05-22,10.374685002577419,-19.700074291653877,-33.06259160844415,-2.6608531801932753
2001-05-23,9.73073278216798,-20.036410466358053,-32.96833309827994,-2.8216505396733074
2001-05-24,9.961968601445342,-21.27740994217445,-32.420011695704595,-2.3007798864145457
2001-05-25,8.712060341454215,-22.374332777383,-33.36507102055487,-2.365258874260619
2001-05-26,8.82618217465656,-22.207396912917485,-32.81699225714744,-3.7683749214006257
2001-05-27,10.64104999251784,-21.74742059968469,-33.09019432072225,-2.1103085200708227
2001-05-28,10.042012963727435,-21.783927571914713,-34.19089814414,-2.3286254125086523
2001-05-29,9.61792990956976,-20.925828826760558,-33.268631214297216,-2.872525702589521
2001-05-30,9.374823124314347,-19.17904760897087,-34.06963885709678,-2.0757484753854105
2001-05-31,8.417976959319347,-20.83946681862529,-33.68205665957112,-1.5187148853768135
2001-06-01,8.99776106266807,-20.985009194915555,-35.86166851475045,-1.9669856643642338
2001-06-02,9.600153722502858,-19.63338593417127,-36.69167670281911,-2.89528956967329
2001-06-03,9.221739714059346,-18.44832853029112,-37.71326462340307,-3.3533430086988547
2001-06-04,8.99566102230328,-17.894977864625044,-37.40321394750135,-3.7788351460019975
2001-06-05,10.001993541731178,-15.709274059968418,-35.10962665626647,-3.1341019881151557
2001-06-06,11.11000793135056,-15.07229941594688,-35.75876817898896,-1.9766646873389917
2001-06-07,11.300587319748642,-14.812382841975898,-35.793189447468734,-1.2007345339237885
2001-06-08,11.050309633957212,-14.558892887662225,-36.740000586133654,-0.5073197999293617
2001-06-09,11.644631900679085,-14.554242783736214,-36.55013063667182,-0.015885990031280384
2001-06-10,10.7227848604433,-14.064819897178822,-37.526447563046,1.2613111657155225
2001-06-11,12.780272680884497,-11.99925680737351,-39.43255104675788,0.5508613743256128
2001-06-12,14.572696259917048,-11.661711974057066,-39.52492442671326,1.2779484252855713
2001-06-13,13.444400376305829,-10.451066050835326,-39.505962841088255,1.2028588757167638
2001-06-14,13.901962496741398,-10.57150689284973,-39.37452103442281,2.140843611624815
2001-06-15,13.77049472756078,-10.806770548273853,-40.307060193122105,0.9187436105782847
2001-06-16,14.911100297120482,-9.771373594021544,-40.35285841710835,0.36860145633542896
2001-06-17,14.350396225563774,-8.500105579614063,-40.67281411963245,0.8816666772909802
2001-06-18,13.550412165421102,-9.125089232192384,-39.662452670994185,2.0036167873446127
2001-06-19,13.700283712790284,-8.882723325644264,-39.2015598077249,1.0733355007233554
2001-06-20,13.008284869277066,-10.299662582042629,-41.968953290135204,0.7184726800983425
2001-06-21,12.680237590119722,-9.746570430716368,-42.3641823665796,-0.7797422531501279
2001-06-22,12.090581812085615,-9.173299006315329,-42.61347148336298,-1.7439035319726055
2001-06-23,12.06314536450608,-8.210275210507717,-43.80905677325759,-2.6497578223393274
2001-06-24,12.07854569215179,-7.019108392006343,-44.74578551689928,-1.8989103082917052
2001-06-25,11.139056415365319,-7.888777257835246,-45.54116426183039,-2.5233193052822207
2001-06-26,10.909837618797722,-7.602442833400259,-46.30582382738813,-2.166313251450558
2001-06-27,10.579509589085905,-7.115553961280216,-44.50733849802522,-2.3863711498800924
2001-06-28,9.953392536059313,-7.4173978795286954,-44.75873256681025,-0.4450547497248587
2001-06-29,8.828695097527655,-8.958123666956869,-47.083810073750165,-2.419325365044476
2001-06-30,9.321626897852116,-8.774483598033456,-47.09302451526297,-2.6744014060487085
2001-07-01,9.764274861323054,-8.08392216343309,-46.77565139177899,-4.771763121401042
2001-07-02,10.114126692173183,-8.389913199661406,-45.93701429191556,-5.856757583547248
2001-07-03,10.772160996528267,-8.58196103030605,-45.60677604109265,-5.445440460077756
2001-07-04,10.09263654021046,-7.076967900460554,-46.03575575013477,-5.205155115635028
2001-07-05,10.87787950798366,-6.720868273315649,-46.59346801073578,-5.89672139987716
2001-07-06,10.77485150023071,-6.215831605286792,-46.16448261588734,-7.4917582851881805
2001-07-07,12.16555595745987,-6.973535192628965,-46.00034441049238,-9.453465504763987
2001-07-08,10.835268814988291,-9.599827547346273,-47.547675933164456,-9.839206164470182
2001-07-09,11.396045275659045,-10.63297944111935,-46.67937283638225,-9.76125007655946
2001-07-10,11.658537612838904,-9.017413439835304,-46.76781825061014,-8.35392641193004
2001-07-11,12.596457151624994,-8.861951932689273,-46.85883459692683,-9.18979168740581
2001-07-12,11.401528101165589,-8.341864090395982,-44.3372885197502,-8.388466056286438
2001-07-13,13.039801531910967,-9.008291382321888,-45.577390030493085,-7.7580674884087975
2001-07-14,13.911034470384696,-10.897843300357067,-46.57697254652478,-6.292517465064289
2001-07-15,15.74547517607633,-10.379470768840967,-46.74915521808082,-6.604079668612088
2001-07-16,15.783454229095895,-10.205152282187697,-46.83158345414374,-4.060813293934407
2001-07-17,16.16789601510771,-9.64596252608728,-47.640865865985425,-2.735291419363058
2001-07-18,15.601084961696824,-11.598997530901316,-46.911779387462914,-1.495399771974306
2001-07-19,14.71361256343463,-12.293153455398137,-47.395419256002214,-2.8644317069483503
2001-07-20,13.669462827582214,-12.144080514264818,-48.46094900018084,-1.7053905587728482
2001-07-21,13.509573695183725,-11.80499840123829,-49.52826596027418,-1.9933510707067603
2001-07-22,14.447334327532262,-11.302640192881512,-49.05366258226015,-1.7621972149997556
2001-07-23,14.25717105556265,-11.959133494511649,-48.83342938323965,-2.4520261177736065
2001-07-24,13.14060613655296,-11.470141908039126,-47.51490337250274,-0.8964855733298627
2001-07-25,12.790923111903524,-11.862748702616335,-46.98382062090385,0.45531428483440894
2001-07-26,13.512321199826701,-11.2334398488444,-47.256311668115856,0.0534011326588808
2001-07-27,14.60207936193521,-11.274399623943026,-46.70710140743027,-1.1236082373195395
2001-07-28,12.591834263014931,-10.88769269409236,-44.934379376805595,-0.5578753764351317
2001-07-29,12.786218549621452,-9.033932991156366,-44.16862574777117,-0.9510113881190903
2001-07-30,14.425230087973972,-9.459940285863672,-43.285652819593516,-1.3067098529282035
2001-07-31,14.315776396426092,-9.05159689966133,-44.982741097324435,-0.31322267209765686
2001-08-01,13.860127413050852,-9.776104038686645,-46.03241696848223,-1.5055913701637604
2001-08-02,13.595346012301466,-8.805270495699876,-44.238167518738564,-1.5079106771282973
2001-08-03,12.294924336797447,-8.475706068712437,-45.56943961037462,-3.1853520883184876
2001-08-04,13.56050771272777,-8.326756768292249,-47.11040359463169,-5.0567715859546745
2001-08-05,15.00770765392197,-8.37369467528335,-47.21681415371424,-5.18672135606212
2001-08-06,15.614725264923115,-6.543711866097011,-47.70893173838941,-5.331441071868647
2001-08-07,14.121047495378509,-5.927973427951134,-46.805845393971204,-4.978276233709438
2001-08-08,16.805108567162748,-5.982058842799588,-48.065402287637546,-7.521251629387543
2001-08-09,18.507310437526876,-6.509340700289917,-49.254258288429725,-7.817265300904332
2001-08-10,18.433036581396323,-5.856203938953138,-50.67074519152517,-7.707252810932414
2001-08-11,17.909327241472845,-6.0851891426663665,-52.09063198275161,-7.909834827382558
2001-08-12,16.74379689106039,-7.2129855068021325,-51.36797127727509,-8.832965308193348
2001-08-13,17.646213799496266,-8.234587107390878,-51.402789894963846,-8.105715683963457
2001-08-14,17.342635092950374,-7.558325739622386,-51.03856641336711,-8.735485512070388
2001-08-15,18.933205051110328,-8.253003801665718,-49.73916228064217,-10.48924730095566
2001-08-16,19.305272075417975,-9.204775867368104,-50.48112564348207,-10.641353829572507
2001-08-17,18.46258202194941,-9.982185865580808,-52.759253311081814,-10.283227998350121
2001-08-18,18.85138752644438,-10.564006208213142,-52.02715343583857,-9.846770376637698
2001-08-19,19.832837457087873,-10.43567676273855,-52.44915402335693,-10.80777104361367
2001-08-20,18.930661831181865,-10.356165454291983,-53.568696350120135,-10.27213529345006
2001-08-21,20.04224888510984,-10.644917557235445,-53.144374298823195,-9.03112669599004
2001-08-22,20.31082504240641,-11.301284631002291,-53.14593937939781,-9.3420302727822
2001-08-23,19.804157077599115,-10.466090374385695,-54.19531517843818,-7.9745346401065245
2001-08-24,19.097975444466645,-9.291571753707846,-54.392813117798795,-9.205545884160552
2001-08-25,19.539346023688818,-7.542571335466586,-54.126862073813,-10.28143025494008
2001-08-26,18.522092909051004,-6.193297355281934,-54.56774231860095,-10.175251605898074
2001-08-27,19.435773462262336,-6.24957212623863,-53.92684295093881,-9.625885894244066
2001-08-28,17.918505567344955,-5.695786739487723,-53.71859966357356,-11.85500258768195
2001-08-29,19.9204519497238,-6.056338327988295,-52.41158434327134,-12.344458854541013
2001-08-30,19.658932648326452,-6.963467310351562,-52.60977182104038,-11.583323284293824
2001-08-31,20.501913610385863,-5.7870569042589945,-54.02124203678483,-10.88344484224764
2001-09-01,20.998467111398845,-6.038933501579233,-54.85834490638161,-11.265385711243038
2001-09-02,20.792659686921475,-6.191393333286951,-54.35520026757545,-11.323084736909074
2001-09-03,22.29672485546445,-6.823486816443415,-53.194688670117884,-11.209524384539886
2001-09-04,23.01845104526454,-6.9787810357082725,-53.14829691905106,-10.59431560393736
2001-09-05,23.861592554682364,-7.0406177054495345,-52.338817863629735,-8.772217673491157
2001-09-06,23.893485800262255,-6.4759681357964505,-52.44679695710527,-8.609141833838848
2001-09-07,23.74061048422561,-7.318448344863675,-52.71899751367026,-9.913122049177604
2001-09-08,22.18762418702752,-7.612125272274325,-51.90091255317128,-9.421581960991045
2001-09-09,21.995534699188845,-7.871471084196246,-51.18106136555819,-8.167458267374174
2001-09-10,21.635896738939422,-7.999042177125548,-52.382166941048254,-7.781031331372641
2001-09-11,20.82670896481145,-8.0758107330416,-52.39581506773063,-6.283314341083635
2001-09-12,18.657880751860908,-9.20301489851294,-54.6561671482599,-7.474833090166481
2001-09-13,20.042197408917744,-8.574610684724535,-54.805897415440015,-6.304657275899622
2001-09-14,19.92835483603287,-8.079084799229344,-54.81210071088616,-6.866809788942889
2001-09-15,20.835290083985843,-7.920887641446179,-53.19139910550789,-7.940916876246606
2001-09-16,22.15813526653158,-8.649618402665679,-52.84501717584183,-8.702005434722903
2001-09-17,22.518613763015765,-8.674583495920546,-53.51416380966867,-9.3687263542184
2001-09-18,22.412757889747127,-6.633696384902898,-54.17148084720669,-8.4517299297213
2001-09-19,21.87199691074627,-7.0054596133635965,-53.310566792226666,-8.317358505430066
2001-09-20,22.986803913687126,-7.827751724473696,-53.36835033438719,-8.36030040388133
2001-09-21,24.08729963216576,-8.707513481249595,-53.58850685229288,-8.117522768947143
2001-09-22,24.39103509260714,-8.44938605382698,-52.45198972366882,-8.73478600799556
2001-09-23,27.171757010918483,-8.951670359060298,-51.971056668951896,-8.436777082129893
2001-09-24,28.89250117217791,-8.00864559943352,-53.44030288525186,-9.2760848835735
2001-09-25,27.546984681856976,-8.453917671017447,-51.82978382323121,-8.958717791206022
2001-09-26,27.02122655363136,-9.029367052549155,-53.01155050186192,-8.452348131229739
2001-09-27,26.92531355681365,-9.617855962385736,-51.130805639707646,-8.9858188948289
2001-09-28,26.091986626176947,-10.18454069210628,-51.52443283969675,-9.657716310991946
2001-09-29,25.33197100631548,-8.87513309810142,-49.68271592470993,-10.960504360784196
2001-09-30,24.938196117267267,-9.627186085830303,-48.68399169474295,-11.608246776672006
2001-10-01,26.04152121779718,-10.408176448660825,-46.20266922835002,-11.081121983600875
2001-10-02,25.14384486025259,-9.276900406719431,-45.53264732536193,-10.885214365265066
2001-10-03,26.42100774418794,-10.320665792546912,-44.61832163162129,-13.060305437907413
2001-10-04,27.565060938292106,-9.98715402608296,-44.53655802700473,-14.635794336255529
2001-10-05,27.86914754484277,-8.971430491031743,-45.39674541850922,-14.639089695401065
2001-10-06,28.026173996234657,-8.58456519209048,-45.743821303564694,-15.009730615745907
2001-10-07,29.24142178385545,-8.193031800699455,-45.50228625231162,-16.51576987592989
2001-10-08,29.355526460634135,-9.330221182155139,-45.2798800190959,-15.034418711690483
2001-10-09,29.606008302147508,-8.650971049504266,-43.282387511977674,-13.532978016748075
2001-10-10,29.326380047111062,-8.521224556425897,-42.726027348978306,-13.072061286691778
2001-10-11,27.327802182158052,-7.630277192495299,-42.15864133938138,-14.961424097658659
2001-10-12,28.907482009538473,-7.550691639644889,-41.49910957102833,-14.635834071296856
2001-10-13,30.652197104771233,-7.173948791918999,-41.14698762327365,-13.191130634170907
2001-10-14,30.54129865025712,-5.874487197167013,-43.17197889132775,-11.870085014277693
2001-10-15,30.588389939674084,-6.305857990736966,-43.32721294613069,-11.016216631295737
2001-10-16,30.945758040086467,-6.0606065196451695,-42.534228197072146,-11.063541575110374
2001-10-17,31.896775504189808,-5.300229964532866,-42.23353421646624,-11.899986192924063
2001-10-18,31.744376545751578,-7.482965091788536,-43.10063507749971,-10.46911864182914
2001-10-19,30.047862818574863,-7.965875294360146,-41.513622430441515,-9.311725601558125
2001-10-20,32.0619138636813,-9.068457231529397,-40.629580679041915,-10.48076593740507
2001-10-21,33.16796292901027,-8.81983664314604,-40.71875427594325,-10.67115118828961
2001-10-22,33.99441141997649,-8.289735684106297,-41.07146122554,-11.9640959854543
2001-10-23,33.746770064739515,-8.337413293620758,-43.92400147189978,-11.35249593217484
2001-10-24,33.53628456075006,-6.244197852111535,-44.60545986218399,-11.330326634847484
2001-10-25,33.51672865793546,-8.189297003601437,-43.51904003038011,-11.88632705873729
2001-10-26,33.311702785614095,-9.142560449027977,-43.113808376363,-11.058204056826188
2001-10-27,34.38698699424424,-9.264593116127498,-44.89778389713702,-11.453541640167117
2001-10-28,35.14895670512133,-10.720964963481595,-45.66153740235339,-12.583879040756472
2001-10-29,34.31660238952782,-10.523058891739817,-46.23194279198825,-12.25580676086057
2001-10-30,33.16383209960462,-9.564470692240738,-45.91743315603497,-11.438421173708495
2001-10-31,33.252798624547445,-10.306387400622722,-44.065574557591894,-11.198517389621498
2001-11-01,33.97944799136806,-10.123366287532592,-43.61569144102803,-11.790977082227855
2001-11-02,33.28648062867073,-10.326355214598927,-43.417437419902164,-10.644282463327444
2001-11-03,33.70567250347761,-9.361370636478936,-43.58824236478938,-8.00784370770907
2001-11-04,33.98304185559374,-9.168759458484057,-42.07006890998152,-5.946701372638968
2001-11-05,33.86911929600201,-10.55876379776114,-41.40342634107147,-4.793354478851544
2001-11-06,34.57835675471992,-10.9711011787866,-42.599355955428784,-3.5144923698292514
2001-11-07,35.48060003614602,-11.65449537422266,-42.13780536583612,-3.941732104344591
2001-11-08,33.72775854067073,-11.067417431506106,-43.00028777005113,-3.2567712774345985
2001-11-09,32.45145586354822,-10.730523795507576,-42.93041100615258,-3.644196737578499
2001-11-10,31.87878526100833,-11.625818667836056,-42.80224356482174,-2.0648142817027226
2001-11-11,29.35105743419085,-10.354163971976137,-44.44020130425233,-1.4559140530182524
2001-11-12,28.404277443106952,-9.327982797244536,-43.32341294885563,-1.345789820974087
2001-11-13,26.44897991290599,-10.332379294380711,-43.2987910623564,-1.2945182736230132
2001-11-14,26.1569467787051,-11.452616801518127,-42.01280403309286,0.410675091281961
2001-11-15,25.426444773379075,-11.65315609705835,-41.41239456495371,0.6701087036111228
2001-11-16,24.72985278996861,-12.341766770958719,-40.70088973821142,1.2006762678184266
2001-11-17,25.826287471506024,-11.53680003426238,-40.45356191362154,0.5755261132652496
2001-11-18,26.553427282734962,-10.96731013287384,-41.92946722598117,1.481063963731732
2001-11-19,28.496973469075527,-12.690036692020925,-41.948881726299895,1.1276237443771844
2001-11-20,26.92685929707242,-13.766507402480734,-42.76268200511938,2.3800456411544997
2001-11-21,26.696459394954672,-13.263528669613427,-43.463107766212104,3.019332885779279
2001-11-22,28.489073332899537,-13.033424631848183,-43.417754820003815,2.9413708233313725
2001-11-23,28.692952181080933,-13.835280847955477,-43.85410589930784,3.339079806007589
2001-11-24,26.476039522304195,-13.823943318678316,-44.872246786536216,2.8828378697084234
2001-11-25,26.79927791240429,-14.682103089785674,-44.63678312242609,1.666688378975359
2001-11-26,26.642710297751556,-15.049276102715668,-44.893757917615176,2.7546368365235274
2001-11-27,26.8335914340266,-14.399596241290109,-44.29073842768836,2.560455964771712
2001-11-28,26.790130902679763,-12.504705281779515,-46.56078430827529,4.605588172089046
2001-11-29,28.36152295976127,-12.839397780220425,-48.11293347438321,3.98871072561987
2001-11-30,28.637954384158956,-12.810476833396406,-48.33560050510893,2.340998558761609
2001-12-01,29.514268723867335,-12.141756262882321,-50.18890155374804,1.5615264510038984
2001-12-02,29.274715195097325,-12.819449984298627,-47.89649262907501,3.354248208497297
2001-12-03,30.31427835031063,-13.692067068627201,-47.170425600239135,2.186600891107397
2001-12-04,31.110864988812796,-12.391392037695438,-48.08392597975727,0.14982034941228983
2001-12-05,32.851560875301715,-11.6028250514538,-48.55453231935061,-1.0118731356259356
2001-12-06,33.31247447307326,-11.020726386546224,-49.59377882452952,-1.7530894555451406
2001-12-07,33.839817097722836,-10.543530348990966,-48.212310984423155,-1.5512876204955826
2001-12-08,32.200353995309214,-9.855387386692112,-48.7471017259311,-2.256276633817609
2001-12-09,33.105911231365454,-10.316919320357224,-49.095044304985066,0.41083214316849626
2001-12-10,32.788275157187776,-10.738582887712523,-48.61723389824012,-2.1486538580239922
2001-12-11,33.16810234036813,-9.840745529623886,-51.000956804660014,-2.0302939307858225
2001-12-12,32.339320971319566,-9.091520469443479,-50.72706942748088,-4.358660805595209
2001-12-13,32.89758275275801,-10.53770628437013,-50.493318790579885,-6.089512111878073
2001-12-14,33.60130262987962,-9.752530446870374,-50.141241807423604,-5.3441620609027485
2001-12-15,35.01368048386523,-8.852882599348879,-49.59277235177985,-5.25326245140758
2001-12-16,33.86047244946655,-11.108733205385,-49.86538602173067,-4.763158244957187
2001-12-17,34.01900630275017,-11.764208830721696,-51.40598590153124,-4.166497024941958
2001-12-18,33.5759837568361,-11.44701215477804,-52.47739618726457,-4.280251987468126
2001-12-19,32.972884607769785,-10.569424099099889,-51.80507034936343,-3.21882756532297
2001-12-20,32.430873966409344,-9.968924742319325,-52.399658947409385,-2.7715102934249294
2001-12-21,31.83172640386709,-8.507747287882284,-51.96409091903921,-3.6186785048225207
2001-12-22,32.41071157659815,-7.48907399281977,-51.63195198594237,-3.6896598125888356
2001-12-23,31.319988325387232,-6.614066636521253,-51.47661574716264,-2.948582454407267
2001-12-24,32.69120343317976,-5.793532598330229,-51.19985055833308,-3.859249108229012
2001-12-25,32.41969657847397,-6.310300057000607,-52.785456415908634,-3.1053396436308005
2001-12-26,32.509683214330614,-4.316262775366548,-53.37807769977822,-2.978859816144453
2001-12-27,32.546917415270286,-4.490704926160493,-52.70770028131608,-1.776424526756228
2001-12-28,33.31671505066034,-5.017152128841345,-52.70997646276796,-1.7121933692416011
2001-12-29,32.63485270545238,-5.068589824138974,-51.05308336998611,-1.569448129489171
2001-12-30,31.19207802495799,-5.170383328590297,-51.4011176510295,-2.9873960674404874
2001-12-31,29.95762407942211,-4.518949940716716,-52.55732194684944,-2.346780856162378
2002-01-01,30.561927876775894,-3.8083213543142835,-53.77208447142276,-3.391024053781388
2002-01-02,29.98438366186514,-2.747931512124574,-53.4568841556244,-3.8856903522654678
2002-01-03,28.42188088550353,-2.936293333757205,-54.53248751805477,-3.059111224865436
2002-01-04,29.752406021210184,-1.65723185846411,-55.25378786618079,-1.7694099350494352
2002-01-05,29.664610546581557,-2.950653182992596,-54.398299980826906,-0.805678266295478
2002-01-06,29.04711392404708,-4.367741915342069,-52.82782912266121,-1.6996946738313976
2002-01-07,27.256089568205237,-5.353245276117016,-52.603628955103595,-0.7797794712253233
2002-01-08,27.23682179933785,-5.905945783157732,-52.25820575322725,-1.438084729227956
2002-01-09,27.448121500165914,-5.8609791400284434,-50.67751295817017,-0.5697867527963982
2002-01-10,26.4808092524696,-6.102617316938863,-50.11444011024798,-0.5964473225660026
2002-01-11,26.599710325353325,-7.295976911638239,-49.38685628262944,-1.1038977710142857
2002-01-12,27.391566761558433,-7.559649587946088,-49.19205050258605,-0.2592640753239279
2002-01-13,26.591594267954587,-7.503785264955668,-49.03506396828904,-0.64330424050254
2002-01-14,25.96122676612574,-5.486900738647289,-48.537268927987554,-1.510376480777063
2002-01-15,25.9092532816673,-7.237459230071426,-49.15474095518354,-2.345324398036828
2002-01-16,24.432090615970584,-5.902936141784041,-50.94518786954237,-3.445057309107626
2002-01-17,23.16306432912919,-5.221308590757097,-52.05546966768953,-4.066554047063914
2002-01-18,23.146919312410763,-6.436789698115723,-52.061782638655714,-3.736133611479921
2002-01-19,24.74370159869078,-7.977758889310884,-51.27809947377373,-3.3246715117854295
2002-01-20,23.898613054251882,-8.394147784999806,-49.431840732375996,-3.0744212854653075
2002-01-21,23.033115459209917,-7.863961009163331,-47.717764724367434,-1.9517400443321458
2002-01-22,23.213291646634264,-8.127834262478563,-48.679624521862706,-1.452641811224742
2002-01-23,21.927242770066062,-8.19206710220981,-48.355015505908376,-2.9734771944900524
2002-01-24,20.77099013163329,-7.362343622164409,-48.54091854421646,-3.842406254163512
2002-01-25,20.29445546925211,-6.289054237034195,-48.069831320317704,-5.091045062174386
2002-01-26,20.380250908042886,-5.620516568280075,-47.96948819198871,-3.8777011166331348
2002-01-27,19.452861256407434,-5.874444104454499,-48.04317425532429,-2.86929373845458
2002-01-28,20.840249808207723,-7.465589660675174,-49.31480313540788,-2.270355310327926
2002-01-29,20.67936867758473,-7.4634709177403735,-48.26722292652099,-1.38702841676374
2002-01-30,20.791191093146406,-8.318926283504494,-49.04880301926247,0.30080648385858644
2002-01-31,21.093448219274812,-8.29022915058891,-49.11818708091055,-0.5049963263247057
2002-02-01,20.698714267491713,-8.474877385414775,-48.97394095234722,-1.1124925433357045
2002-02-02,23.413455759829745,-8.311919634743557,-48.867041310468,-1.2394339962852199
2002-02-03,21.4386767227621,-8.795322254388934,-48.44920129196062,-1.2527629076850593
2002-02-04,20.848462288325575,-8.067304228611619,-47.575993898023654,-0.5339493669666554
2002-02-05,18.823025363748656,-8.026842022439572,-47.12373617227749,0.059112954666991846
2002-02-06,19.08933445528748,-8.6031328437192,-46.652199097064546,0.9019937388637099
2002-02-07,18.77432604477459,-9.485487950113834,-46.739198792491806,0.9749594531889478
2002-02-08,19.19098332170406,-9.885626526224327,-45.40678882443997,1.0210990152433146
2002-02-09,20.145260201917083,-9.233871086982324,-45.38015705174641,1.3961540045933278
2002-02-10,18.128500619704628,-8.1738305603548,-45.66943928849361,2.2672434130543326
2002-02-11,18.4023678293147,-7.847110199275063,-44.7883265002219,1.5508039709286998
2002-02-12,18.53181827793321,-9.147559246059485,-45.88072358916269,1.4259587260550255
2002-02-13,17.552902509855613,-8.650094938173782,-46.10519253503203,0.5985300764647105
2002-02-14,18.26760365554694,-9.272894527390589,-48.516763032922924,0.5440491355255109
2002-02-15,18.815711314833923,-7.77134646424602,-51.01263016020987,0.18200435720175434
2002-02-16,19.415553779063625,-7.074459057263506,-50.74261970749442,-0.6029204049897194
2002-02-17,19.086725530970664,-6.285625899234008,-52.788981525157055,0.04011283941561239
2002-02-18,20.080642460014406,-4.948902660802295,-53.626528241328145,1.1321292619666363
2002-02-19,19.102559729240784,-3.423711103891514,-54.74578146215166,0.4220919026515876
2002-02-20,20.57580988200118,-3.2881414303979004,-55.27101725446371,0.21856493324910403
2002-02-21,20.792194963669022,-1.8342443572704568,-54.449175764828716,-0.10902435624118628
2002-02-22,20.408969500571835,-2.7058664851898957,-53.926814445874626,-0.2552557347656996
2002-02-23,20.573584455276315,-1.5071517042045832,-52.78009492546547,-0.17909536671917703
2002-02-24,20.184363501600327,-2.576129539734019,-54.12921436518987,1.0704629868764723
2002-02-25,20.03845201384121,-1.6038264429247193,-54.697294975730756,0.32245227511642083
2002-02-26,20.23064534972379,-2.2517172940048846,-53.98575469307647,1.2365162182208624
2002-02-27,20.802387697577768,-2.475007177102422,-54.98366355195539,0.5191225281421378
2002-02-28,20.933332470116614,-2.80558324236716,-54.40389703476821,0.47908656123102433
2002-03-01,20.836307426316736,-3.304869542074985,-53.77745360260398,0.3278267433613513
2002-03-02,19.7048972910425,-6.7207248843439515,-53.65428505731343,-0.2823865173301833
2002-03-03,19.72019711334368,-5.8006277765878815,-52.10878581209528,-1.0897460042297704
2002-03-04,17.971718128089684,-7.481810952327289,-51.97624409429685,-1.9759428158231578
2002-03-05,17.138704922002198,-8.361799018962381,-51.86011035640457,-2.1743815013151973
2002-03-06,16.517481624782793,-8.927360326438377,-51.20610163714294,-2.5807164663977584
2002-03-07,15.834457910387073,-8.572446135640574,-51.42832444028653,-2.1949988882899274
2002-03-08,14.688433743624813,-8.945269920557402,-50.765851762298134,-2.0037690528813403
2002-03-09,15.55280824765182,-10.70528920190482,-49.98349168121826,-0.8826629252718368
2002-03-10,16.87362746920181,-11.25626770156311,-49.57203536794375,-1.4638077804556477
2002-03-11,15.83200286431749,-9.770497967370732,-50.44247501885749,-2.723048443159863
2002-03-12,15.20102397553069,-9.149066246345807,-50.66315540693083,-3.903480921701387
2002-03-13,14.042727123638079,-9.139301208002138,-50.60664756963306,-6.646255273798387
2002-03-14,12.758354031466578,-9.6092405687431,-50.37611703521552,-6.27814625908097
2002-03-15,13.17481091696147,-9.869547021570728,-49.57423903493259,-6.519493911618351
2002-03-16,11.506801642958644,-11.416539293561323,-49.450795273903566,-5.046231572810534
2002-03-17,10.253424204504343,-10.466181350865453,-49.42539263184487,-4.875514468286894
2002-03-18,9.205242822975137,-10.75948135078281,-48.557618607083384,-6.291072285439075
2002-03-19,8.999319069849301,-10.93786133901486,-48.64747913435092,-6.25099988709077
2002-03-20,8.719087228598928,-11.950065449716236,-47.63030194249197,-4.819320080376058
2002-03-21,10.268139752374424,-12.465364634087363,-48.21798195938421,-2.8197485276377483
2002-03-22,7.580978278206548,-14.828085584923357,-49.837524245049124,-2.652885624942562
2002-03-23,8.934337557529672,-14.547017645770294,-50.29589730394363,-3.811655785197118
2002-03-24,8.183163744830804,-15.247545842085287,-51.73237036439441,-4.206428299466072
2002-03-25,6.5067258345115695,-15.079784369697666,-51.38337381115166,-4.8819408845994205
2002-03-26,5.625074045554078,-15.47493664598683,-51.522297024986884,-6.3197799464232585
2002-03-27,7.0429765163233045,-15.857413960938606,-48.73333417355681,-6.491235072529144
2002-03-28,8.585712403130666,-16.069468279185685,-47.84019101746051,-4.247349620518645
2002-03-29,9.057619148886387,-16.264784829730175,-47.48932946285222,-5.219492332588471
2002-03-30,8.610507110952673,-17.15999575811679,-47.25090785895037,-3.540781418634082
2002-03-31,9.366243047484398,-17.11143679522062,-49.892071941022095,-2.1995625216026684
2002-04-01,7.864807747258107,-17.013345886508983,-50.072453402211075,-0.8715951667916815
2002-04-02,6.543094772812379,-17.83847159574551,-48.740968048554194,-2.902784523834325
2002-04-03,7.496743270693289,-17.20249544486691,-50.27785377849655,-3.0142171830498476
2002-04-04,7.502303174901635,-16.39369554819699,-51.5938573926652,-2.8277197802528886
2002-04-05,6.113536284990646,-16.559125019263675,-50.70558895691575,-2.2189395670393406
2002-04-06,6.046637825527017,-15.572891531247564,-49.68732122914369,-3.0934779361860203
2002-04-07,5.449699179896121,-15.794083635944602,-50.78347400092193,-1.9520612896593523
2002-04-08,5.062085176067363,-16.360511504839945,-52.697431969974964,-0.21445803332899027
2002-04-09,4.860153982757026,-14.961019886739045,-53.16518801814939,-0.032837412573368
2002-04-10,4.017959951735019,-14.483849572920752,-54.123109079635924,-0.02989231190754403
2002-04-11,4.207438624107248,-14.28491611547597,-53.058533589637214,-0.39017949694750687
2002-04-12,5.322422974176105,-14.121018453608624,-52.22079595792626,-0.7622068339269936
2002-04-13,4.1142801466162915,-13.63367449847674,-52.12104152430339,-0.47107479353601106
2002-04-14,2.9592151297845914,-12.119743535883702,-53.41736993806315,0.3947561058531261
2002-04-15,4.236221050600866,-10.915291098648172,-53.133210974608495,0.9436417312069274
2002-04-16,3.643990122868007,-10.27976099952413,-51.124826322099445,-0.4651862453997364
2002-04-17,2.1046292132436477,-9.47934710058284,-50.220572581627,-1.1693873788662374
2002-04-18,1.4900113538590667,-10.106749402588541,-49.34754901803369,-1.8071676010678948
2002-04-19,0.5399582260371271,-10.63555131514593,-48.46213094704552,-3.0957971196375995
2002-04-20,0.6018340378762705,-9.320966843568417,-47.6560855057807,-3.2410233449642822
2002-04-21,-1.1236657972718116,-10.14051644933402,-46.690932632347725,-3.021777856783368
2002-04-22,0.333042098707268,-11.715309394472618,-45.642965083154024,-0.9401475596339881
2002-04-23,-0.35738411974033546,-12.080415112955508,-44.63397525329307,-0.9601066697086493
2002-04-24,-0.5515494339101038,-12.47747599221509,-43.988407948862104,-0.001645414645933152
2002-04-25,-0.0109708823851149,-11.967794358077846,-41.70874216458785,0.13705108897180482
2002-04-26,-0.3608418143472404,-12.564917338584852,-42.08952455243849,0.10355544811651066
2002-04-27,-0.14911934347104724,-12.805256317158669,-42.88301136141694,0.8536467305552066
2002-04-28,0.921229016476608,-12.817212316990108,-41.95964218901118,1.0187069110333693
2002-04-29,1.4703637469628181,-12.259226726353162,-41.01434693724945,1.4019802677103899
2002-04-30,-0.5364917490536465,-12.979293442513546,-42.24989464582274,-0.4588518733411504
2002-05-01,-0.8331879395410069,-12.986658762875859,-42.648425783626735,-1.8034603574388859
2002-05-02,-1.0396777801525472,-14.319207782074676,-42.61965486258937,-1.3964818775808823
2002-05-03,-0.21623186833783614,-14.567259304024352,-43.44640052707361,-0.1551529582946416
2002-05-04,0.3228048349262864,-13.161579659579443,-44.065574206119464,-1.2091174832787814
2002-05-05,0.8114372008229809,-13.775223406530339,-44.660276921195845,-1.2242421737170421
2002-05-06,2.0374687673223653,-14.666421535555706,-45.52619937197866,-1.9815870059778133
2002-05-07,3.813548540471909,-12.843832867633937,-45.45511509597434,-2.5776576925716963
2002-05-08,4.786348110418082,-10.504688758906632,-46.25153962807216,-3.1186903587917323
2002-05-09,4.396950573094921,-10.070447715952941,-47.65443314082614,-6.068899403328167
2002-05-10,6.255453756455024,-10.208497463303905,-49.607940002356194,-5.841436277355646
2002-05-11,5.309456874467839,-11.617875252807082,-47.76863962557189,-7.702760856884918
2002-05-12,5.439366706804216,-11.460861168724184,-49.272120059568344,-9.194315345035445
2002-05-13,6.9686088053515105,-10.405686276367723,-48.71349225724955,-7.733563331831436
2002-05-14,8.353840523716915,-11.942838335850357,-50.0836333815705,-7.758582267655755
2002-05-15,8.564572647297291,-12.377296008813733,-51.29179917657819,-8.227642172561477
2002-05-16,8.347515990749695,-13.900964919954776,-51.559402112362065,-7.782471039641692
2002-05-17,5.788228131600972,-12.423745169584452,-50.78757032868028,-8.275599526352165
2002-05-18,5.5309403695318355,-12.697274191758211,-50.26440927126626,-6.729179050849743
2002-05-19,5.55262781440463,-10.295528718779504,-51.05264973090911,-7.986669466802768
2002-05-20,4.542364775576671,-9.057469495299237,-50.15453138238337,-9.516093538836099
2002-05-21,4.634204385587785,-8.065470058975377,-51.10979471230846,-9.87933544297653
2002-05-22,3.7325793708621715,-9.307841586758876,-52.3433501924103,-8.955150936147698
2002-05-23,5.244426438664351,-7.85744207741451,-52.30904208061214,-8.980382336088487
2002-05-24,5.914580817047846,-8.253411637630606,-51.31586678067727,-8.720261091996976
2002-05-25,4.696348057180031,-9.16162109930567,-50.59925426257389,-7.369111546657616
2002-05-26,4.8641433978978545,-8.448941778887608,-51.41693001993169,-7.507759241312832
2002-05-27,5.6449489210012285,-7.830783708451955,-50.59708176511655,-6.697518929710883
2002-05-28,4.83101514618571,-8.664613935586697,-51.917331976182766,-5.993660795822232
2002-05-29,7.5153928422191605,-9.861409674393256,-53.02725260938837,-7.174554585741116
2002-05-30,7.180638712110091,-9.757341488678373,-52.527693733385746,-7.333013113928846
2002-05-31,7.080273713847787,-8.444276141509048,-53.73599499465207,-6.182056753739312
2002-06-01,7.952107925526446,-9.007022906267446,-54.437262178505364,-5.639261369977269
2002-06-02,7.503772104348907,-9.834729019038022,-54.1699116440688,-6.563114014869717
2002-06-03,7.870953121987526,-10.928082625786429,-54.246931225690844,-7.05836804053388
2002-06-04,6.426375199115139,-9.453378727743955,-52.43024331032533,-6.836210546972838
2002-06-05,6.058340943646142,-9.04725047293098,-51.905579219951676,-7.235341427401622
2002-06-06,8.190500032545103,-9.48499480860925,-52.8462669003106,-5.380236909015601
2002-06-07,8.722983214309453,-9.677091302591402,-54.124966480845764,-6.1568647401152194
2002-06-08,7.694473558923905,-8.275062847680076,-54.82876481273286,-6.384341218609306
2002-06-09,8.612899423695174,-6.831767684662204,-55.09439102410104,-8.921666077715344
2002-06-10,7.599825988319369,-7.62369835373175,-53.729997267405615,-7.2380199010819855
2002-06-11,8.227231095621457,-7.613398972412638,-54.31010338262959,-8.647457919212265
2002-06-12,7.132514995774005,-8.191696646335108,-54.24338308962342,-8.736227640992489
2002-06-13,7.447256333952867,-9.815281998132992,-54.37252958218977,-10.050060102743725
2002-06-14,6.584643039238377,-8.312483910796926,-54.42108347213442,-10.039247147568645
2002-06-15,7.624722501924528,-7.4583403054765105,-57.43241996406861,-10.401602377498417
2002-06-16,7.4589233238953465,-8.886048469292518,-55.46513229870399,-10.066321202890322
2002-06-17,8.850698439704974,-10.42024389830129,-55.930484960683586,-10.598560922896503
2002-06-18,6.969029044460211,-8.579843498694254,-57.18572579370046,-10.497276827147726
2002-06-19,7.919607196137446,-10.004957828178796,-55.81587158157855,-11.019028392423703
2002-06-20,8.331593837127546,-10.909347256487006,-54.908066000701105,-10.76685584733451
2002-06-21,8.280832594747908,-10.859612131946188,-54.36672338276343,-11.481248431133674
2002-06-22,10.557494388831024,-9.533406960647802,-54.35762053999164,-12.093924481472158
2002-06-23,8.801381786485573,-8.658176288240863,-53.28795049037258,-10.844719298212368
2002-06-24,8.711901516479188,-9.345921541484355,-55.00392035992583,-10.509690954211203
2002-06-25,10.026773518604866,-9.18991746881201,-56.74468843281919,-11.322461807066675
2002-06-26,10.519908655894138,-9.666257471804226,-56.70074253878374,-11.779281497938777
2002-06-27,11.227446539843294,-7.34123005645286,-57.13933632129093,-12.585624870283104
2002-06-28,10.296962239951174,-6.262679924146015,-55.921239584917764,-12.339177819942314
2002-06-29,10.83943875765816,-6.08787462122241,-55.36250283863747,-11.746934175209992
2002-06-30,10.358048518771978,-5.606454235009588,-55.91401816680638,-11.318108483557966
2002-07-01,9.654474366205754,-5.2602458741339255,-57.05471342269794,-10.278530869454265
2002-07-02,9.658516352347966,-4.9423408828635855,-55.49824369315097,-11.924233342261648
2002-07-03,8.42543227212291,-6.4349266809501,-57.06364759416262,-13.007939633112501
2002-07-04,10.16623837449194,-5.393955012295078,-56.4128861183039,-12.196603510241289
2002-07-05,10.527041154438217,-5.224222568515556,-55.40628490836596,-12.631066729033934
2002-07-06,9.076912657575196,-6.31381653412207,-55.438511499460425,-13.100580144308307
2002-07-07,8.914920746750594,-5.521408006028185,-55.402504857803045,-14.255194577092043
2002-07-08,7.996252185211848,-5.759247619428596,-55.42638963786248,-14.201972501654437
2002-07-09,8.472751349458365,-6.378702619259602,-57.103813685739794,-13.390862454476075
2002-07-10,7.070289579415487,-5.749656687919444,-57.96092148950071,-12.986670432583303
2002-07-11,7.75346607570335,-6.078390697656498,-57.94863055208509,-11.956839584946989
2002-07-12,7.403929487698719,-5.763895775294983,-59.237794408555416,-13.246842846420623
2002-07-13,8.43138406339889,-6.778511100934151,-58.37020981538926,-14.027458781163958
2002-07-14,8.534808266517352,-5.539611227241954,-57.624134059397385,-15.458826705593655
2002-07-15,10.288213391450961,-5.690549755873645,-56.39943855505898,-16.124747284902462
2002-07-16,10.56724545437834,-6.008408605886873,-56.79659186464352,-15.896895156189029
2002-07-17,8.820518358339658,-6.254931661794085,-57.08213554868112,-14.546530594311779
2002-07-18,8.589387108201763,-6.577723741066775,-56.17060074392234,-14.135042323457364
2002-07-19,9.90620866256093,-3.9557113148836387,-55.56678781913494,-14.069692879692116
2002-07-20,10.429122978615412,-5.458101736669276,-52.48455769137706,-13.491477713972255
2002-07-21,10.738803217148686,-6.328794288343365,-53.80237058926475,-13.328201033833594
2002-07-22,10.917546079075862,-8.643575142644435,-53.97440061366238,-13.142068201626925
2002-07-23,10.723164103011927,-8.264124678901696,-53.47702069889957,-11.879523827415346
2002-07-24,10.730098702714583,-8.47743624648842,-50.55974806191704,-11.679346039833161
2002-07-25,10.871760631994626,-6.804039184825704,-50.12782090585484,-11.355350110041368
2002-07-26,9.50212728486008,-8.222737215953336,-49.72496451828509,-12.054064508663222
2002-07-27,9.778842997561757,-7.170728963456169,-49.531298650247145,-12.455266471339744
2002-07-28,8.927096155896542,-5.495631169277579,-50.272571738490875,-10.44953156750339
2002-07-29,9.645927086026028,-4.859923928885107,-48.80251025145041,-11.790254560921474
2002-07-30,9.92129539248906,-2.8960830260757433,-48.60431543825388,-12.485316102403997
2002-07-31,10.752939740693183,-2.6386141278369575,-50.32306142713513,-14.568773925783965
2002-08-01,12.018014852097375,-1.712918713500396,-49.67727139631078,-15.306437315487326
2002-08-02,12.719950227355746,-1.2335316640137852,-48.05872599161095,-16.362754257911217
2002-08-03,16.37984888571723,-0.8338295448833379,-46.495248019142025,-16.125790573060645
2002-08-04,16.043359776390584,-0.7319502529666556,-46.83027732364943,-16.816762811565948
2002-08-05,16.018067472078478,-0.12021263439237906,-48.16361665088016,-16.41955788544356
2002-08-06,16.519346161864107,0.7758232937430545,-47.67619131059941,-16.270443587432
2002-08-07,16.57952817387942,1.1183384881868836,-47.6605654952762,-16.69691774748066
2002-08-08,16.473000217074222,1.108246562082944,-47.540603825195895,-18.307799395842437
2002-08-09,17.46179933610186,2.772696907897999,-48.00104532841629,-17.511517423410144
2002-08-10,16.28120282052519,2.0494720422580865,-47.62137687660564,-19.189621513048053
2002-08-11,15.547550919999779,2.24213427586893,-47.17008746836375,-20.107467906274355
2002-08-12,14.856761183074225,2.7412255082840424,-46.717686412996876,-20.188646526620538
2002-08-13,16.46425747156173,3.4089893514843883,-47.94708348911256,-19.999065905871827
2002-08-14,16.356972696352923,3.4674530237757373,-46.15270424220362,-20.220299480699726
2002-08-15,17.14445042915874,4.854658768200345,-46.11849935459544,-21.87271718139875
2002-08-16,18.16000273080292,6.39315383140734,-46.88358937798812,-23.150648353753535
2002-08-17,16.567015780731683,7.938919813169862,-47.70698819479773,-24.563043587550283
2002-08-18,16.324565013787666,8.823031391972796,-46.43341359063802,-26.15750674425546
2002-08-19,17.791433198483873,9.036606115176784,-46.425832167446934,-24.79471469536193
2002-08-20,17.577639916486255,8.631497167731165,-45.911510142932315,-23.177559628251505
2002-08-21,15.81215562451344,6.643453607929284,-45.61100269779463,-22.77839474416566
2002-08-22,16.552075757201205,7.4016178765511915,-46.80329614246273,-21.326931981718634
2002-08-23,16.69888529719815,8.867792373821525,-45.01227814653315,-20.647205904386006
2002-08-24,16.73657415168389,7.800482980640076,-46.12292747540208,-22.08379474064728
2002-08-25,16.552394987171912,6.526442272913529,-45.77693384229785,-21.778937621295746
2002-08-26,15.638639306107958,5.44891615965712,-45.35414509845386,-21.61578284344397
2002-08-27,16.627338677948273,6.514571435833121,-44.559027530837916,-21.52996792611481
2002-08-28,16.656600249074202,7.146215557749203,-45.19912978607534,-21.753118185233735
2002-08-29,18.576576160802908,6.432477877115749,-43.75177587726932,-22.476017782090086
2002-08-30,20.084711799567884,7.098235924219329,-43.20223188299952,-22.423030859618052
2002-08-31,19.1407444992739,6.070385400953978,-45.293885237810045,-21.876692719454425
2002-09-01,19.047421541445107,6.496588435912538,-46.01559285178198,-21.56986704106512
2002-09-02,18.370461324639187,5.461051073253572,-47.435850214248354,-21.37265827649148
2002-09-03,16.246065758492687,5.958203811293437,-49.41454676552955,-21.7198843377674
2002-09-04,16.564801660343957,4.903786678458152,-48.41233819693398,-21.2131778934768
2002-09-05,16.348176325585886,6.639634483367456,-47.90523436085309,-22.727309063664205
2002-09-06,15.340645740417614,6.029219199033036,-49.728084105933746,-22.499358721603354
2002-09-07,15.801608885077103,6.4509376677089,-49.997056005175686,-19.97365903013797
2002-09-08,15.37822669472764,5.318531279841515,-49.5326598815782,-20.55540894273833
2002-09-09,14.867893904651067,3.840737355627993,-49.38719084065183,-20.309089638799144
2002-09-10,13.84630744288807,3.0653412871381978,-49.04418998307481,-21.47192283640404
2002-09-11,13.345296387509682,3.001162746646571,-50.166031921380494,-22.104038910756056
2002-09-12,13.481659621052676,2.11026332222922,-51.39776249220849,-22.763264878889167
2002-09-13,12.99258208933043,1.8421420966578728,-51.52758902861228,-24.332585662539092
2002-09-14,12.128809839621953,0.7019227585621179,-51.53411916829704,-24.623949789949226
2002-09-15,11.320831455690543,2.8164102456957893,-53.165365031401365,-25.84036378883258
2002-09-16,8.654520481909952,1.1055199303837515,-52.94950221291837,-23.86822299456176
2002-09-17,8.907792031395584,0.9883297734168639,-52.903675189408816,-24.31136412597926
2002-09-18,8.656092412479968,1.4000847973084058,-51.88781211468955,-22.754306671387994
2002-09-19,9.755887369238447,1.6160397078569277,-50.2687738569289,-21.319040504146805
2002-09-20,10.301837038125235,2.1368503903344997,-51.6886006482581,-20.59219298706014
2002-09-21,9.799224380403496,1.9530722299887322,-51.40929847401273,-19.645208644721738
2002-09-22,10.69297476800587,1.4435500431629262,-52.44230741658505,-20.91819955750106
2002-09-23,11.646655255942045,3.219538848068046,-51.71795602039423,-20.698302814474097
2002-09-24,11.581432531570654,3.1614457805573704,-51.903299847233335,-20.45108271443339
2002-09-25,9.914290534823193,2.499087244083044,-52.237224721782816,-23.040525991183134
2002-09-26,9.993015352759562,-0.15884564503323428,-50.910660683091855,-21.392366210182757
